[0.000000] (-) TimerEvent: {}
[0.000123] (my_robot_interfaces) JobQueued: {'identifier': 'my_robot_interfaces', 'dependencies': OrderedDict()}
[0.000146] (my_py_pkg) JobQueued: {'identifier': 'my_py_pkg', 'dependencies': OrderedDict([('my_robot_interfaces', '/home/adi/RosProjects/install/my_robot_interfaces')])}
[0.000192] (my_robot_bringup) JobQueued: {'identifier': 'my_robot_bringup', 'dependencies': OrderedDict([('my_robot_interfaces', '/home/adi/RosProjects/install/my_robot_interfaces'), ('my_py_pkg', '/home/adi/RosProjects/install/my_py_pkg')])}
[0.000226] (my_robot_interfaces) JobStarted: {'identifier': 'my_robot_interfaces'}
[0.006680] (my_robot_interfaces) JobProgress: {'identifier': 'my_robot_interfaces', 'progress': 'cmake'}
[0.007171] (my_robot_interfaces) Command: {'cmd': ['/usr/bin/cmake', '/home/adi/RosProjects/src/my_robot_interfaces', '-DCMAKE_INSTALL_PREFIX=/home/adi/RosProjects/install/my_robot_interfaces'], 'cwd': '/home/adi/RosProjects/build/my_robot_interfaces', 'env': OrderedDict([('GJS_DEBUG_TOPICS', 'JS ERROR;JS LOG'), ('LESSOPEN', '| /usr/bin/lesspipe %s'), ('LANGUAGE', 'en_IN:en'), ('USER', 'adi'), ('XDG_SESSION_TYPE', 'wayland'), ('SHLVL', '1'), ('LD_LIBRARY_PATH', '/home/adi/RosProjects/install/my_robot_interfaces/lib:/home/adi/install/my_robot_interfaces/lib:/opt/ros/humble/opt/rviz_ogre_vendor/lib:/opt/ros/humble/lib/x86_64-linux-gnu:/opt/ros/humble/lib'), ('HOME', '/home/adi'), ('OLDPWD', '/home/adi/RosProjects/install'), ('DESKTOP_SESSION', 'ubuntu'), ('GIO_LAUNCHED_DESKTOP_FILE', '/usr/share/applications/terminator.desktop'), ('ROS_PYTHON_VERSION', '3'), ('GNOME_SHELL_SESSION_MODE', 'ubuntu'), ('GTK_MODULES', 'gail:atk-bridge'), ('MANAGERPID', '1128'), ('SYSTEMD_EXEC_PID', '1351'), ('DBUS_SESSION_BUS_ADDRESS', 'unix:path=/run/user/1000/bus'), ('COLORTERM', 'truecolor'), ('TERMINATOR_DBUS_NAME', 'net.tenshu.Terminator25ef4b219e3b005583550f2b0f9f990c3'), ('GIO_LAUNCHED_DESKTOP_FILE_PID', '102524'), ('IM_CONFIG_PHASE', '1'), ('WAYLAND_DISPLAY', 'wayland-0'), ('COLCON_PREFIX_PATH', '/home/adi/RosProjects/install:/home/adi/install'), ('ROS_DISTRO', 'humble'), ('LOGNAME', 'adi'), ('JOURNAL_STREAM', '8:9022'), ('_', '/usr/bin/colcon'), ('ROS_VERSION', '2'), ('XDG_SESSION_CLASS', 'user'), ('USERNAME', 'adi'), ('TERM', 'xterm-256color'), ('GNOME_DESKTOP_SESSION_ID', 'this-is-deprecated'), ('ROS_LOCALHOST_ONLY', '0'), ('PATH', '/opt/ros/humble/bin:/usr/local/sbin:/usr/local/bin:/usr/sbin:/usr/bin:/sbin:/bin:/usr/games:/usr/local/games:/snap/bin:/snap/bin'), ('SESSION_MANAGER', 'local/adi-VirtualBox:@/tmp/.ICE-unix/1306,unix/adi-VirtualBox:/tmp/.ICE-unix/1306'), ('INVOCATION_ID', '4d7f6b53d281407b850482dac7e3595f'), ('XDG_MENU_PREFIX', 'gnome-'), ('GNOME_SETUP_DISPLAY', ':1'), ('XDG_RUNTIME_DIR', '/run/user/1000'), ('DISPLAY', ':0'), ('TERMINATOR_DBUS_PATH', '/net/tenshu/Terminator2'), ('LANG', 'en_US.UTF-8'), ('XDG_CURRENT_DESKTOP', 'ubuntu:GNOME'), ('IBUS_DISABLE_SNOOPER', '1'), ('XMODIFIERS', '@im=ibus'), ('XDG_SESSION_DESKTOP', 'ubuntu'), ('XAUTHORITY', '/run/user/1000/.mutter-Xwaylandauth.CGBEE3'), ('LS_COLORS', 'rs=0:di=01;34:ln=01;36:mh=00:pi=40;33:so=01;35:do=01;35:bd=40;33;01:cd=40;33;01:or=40;31;01:mi=00:su=37;41:sg=30;43:ca=30;41:tw=30;42:ow=34;42:st=37;44:ex=01;32:*.tar=01;31:*.tgz=01;31:*.arc=01;31:*.arj=01;31:*.taz=01;31:*.lha=01;31:*.lz4=01;31:*.lzh=01;31:*.lzma=01;31:*.tlz=01;31:*.txz=01;31:*.tzo=01;31:*.t7z=01;31:*.zip=01;31:*.z=01;31:*.dz=01;31:*.gz=01;31:*.lrz=01;31:*.lz=01;31:*.lzo=01;31:*.xz=01;31:*.zst=01;31:*.tzst=01;31:*.bz2=01;31:*.bz=01;31:*.tbz=01;31:*.tbz2=01;31:*.tz=01;31:*.deb=01;31:*.rpm=01;31:*.jar=01;31:*.war=01;31:*.ear=01;31:*.sar=01;31:*.rar=01;31:*.alz=01;31:*.ace=01;31:*.zoo=01;31:*.cpio=01;31:*.7z=01;31:*.rz=01;31:*.cab=01;31:*.wim=01;31:*.swm=01;31:*.dwm=01;31:*.esd=01;31:*.jpg=01;35:*.jpeg=01;35:*.mjpg=01;35:*.mjpeg=01;35:*.gif=01;35:*.bmp=01;35:*.pbm=01;35:*.pgm=01;35:*.ppm=01;35:*.tga=01;35:*.xbm=01;35:*.xpm=01;35:*.tif=01;35:*.tiff=01;35:*.png=01;35:*.svg=01;35:*.svgz=01;35:*.mng=01;35:*.pcx=01;35:*.mov=01;35:*.mpg=01;35:*.mpeg=01;35:*.m2v=01;35:*.mkv=01;35:*.webm=01;35:*.webp=01;35:*.ogm=01;35:*.mp4=01;35:*.m4v=01;35:*.mp4v=01;35:*.vob=01;35:*.qt=01;35:*.nuv=01;35:*.wmv=01;35:*.asf=01;35:*.rm=01;35:*.rmvb=01;35:*.flc=01;35:*.avi=01;35:*.fli=01;35:*.flv=01;35:*.gl=01;35:*.dl=01;35:*.xcf=01;35:*.xwd=01;35:*.yuv=01;35:*.cgm=01;35:*.emf=01;35:*.ogv=01;35:*.ogx=01;35:*.aac=00;36:*.au=00;36:*.flac=00;36:*.m4a=00;36:*.mid=00;36:*.midi=00;36:*.mka=00;36:*.mp3=00;36:*.mpc=00;36:*.ogg=00;36:*.ra=00;36:*.wav=00;36:*.oga=00;36:*.opus=00;36:*.spx=00;36:*.xspf=00;36:'), ('SSH_AGENT_LAUNCHER', 'gnome-keyring'), ('SSH_AUTH_SOCK', '/run/user/1000/keyring/ssh'), ('AMENT_PREFIX_PATH', '/home/adi/RosProjects/install/my_robot_bringup:/home/adi/RosProjects/install/my_py_pkg:/home/adi/RosProjects/install/my_robot_interfaces:/home/adi/install/my_robot_bringup:/home/adi/install/my_py_pkg:/home/adi/install/my_robot_interfaces:/home/adi/install/my_cpp_pkg:/opt/ros/humble'), ('SHELL', '/bin/bash'), ('TERMINATOR_UUID', 'urn:uuid:094c90a5-13d4-4067-8053-3dca8838fba4'), ('QT_ACCESSIBILITY', '1'), ('GDMSESSION', 'ubuntu'), ('LESSCLOSE', '/usr/bin/lesspipe %s %s'), ('GJS_DEBUG_OUTPUT', 'stderr'), ('QT_IM_MODULE', 'ibus'), ('PWD', '/home/adi/RosProjects/build/my_robot_interfaces'), ('LC_ALL', 'en_US.UTF-8'), ('XDG_CONFIG_DIRS', '/etc/xdg/xdg-ubuntu:/etc/xdg'), ('XDG_DATA_DIRS', '/usr/share/ubuntu:/usr/local/share/:/usr/share/:/var/lib/snapd/desktop'), ('PYTHONPATH', '/home/adi/RosProjects/install/my_py_pkg/lib/python3.10/site-packages:/home/adi/RosProjects/install/my_robot_interfaces/local/lib/python3.10/dist-packages:/home/adi/install/my_py_pkg/lib/python3.10/site-packages:/home/adi/install/my_robot_interfaces/local/lib/python3.10/dist-packages:/opt/ros/humble/lib/python3.10/site-packages:/opt/ros/humble/local/lib/python3.10/dist-packages'), ('COLCON', '1'), ('VTE_VERSION', '6800'), ('CMAKE_PREFIX_PATH', '/home/adi/RosProjects/install/my_robot_bringup:/home/adi/RosProjects/install/my_robot_interfaces:/home/adi/install/my_robot_bringup:/home/adi/install/my_robot_interfaces:/home/adi/install/my_cpp_pkg:/home/adi/RosProjects/install/my_py_pkg:/home/adi/install/my_py_pkg:/opt/ros/humble')]), 'shell': False}
[0.099348] (-) TimerEvent: {}
[0.133322] (my_robot_interfaces) StdoutLine: {'line': b'-- The C compiler identification is GNU 11.4.0\n'}
[0.200016] (-) TimerEvent: {}
[0.230688] (my_robot_interfaces) StdoutLine: {'line': b'-- The CXX compiler identification is GNU 11.4.0\n'}
[0.241125] (my_robot_interfaces) StdoutLine: {'line': b'-- Detecting C compiler ABI info\n'}
[0.300450] (-) TimerEvent: {}
[0.314397] (my_robot_interfaces) StdoutLine: {'line': b'-- Detecting C compiler ABI info - done\n'}
[0.319975] (my_robot_interfaces) StdoutLine: {'line': b'-- Check for working C compiler: /usr/bin/cc - skipped\n'}
[0.321638] (my_robot_interfaces) StdoutLine: {'line': b'-- Detecting C compile features\n'}
[0.322764] (my_robot_interfaces) StdoutLine: {'line': b'-- Detecting C compile features - done\n'}
[0.325475] (my_robot_interfaces) StdoutLine: {'line': b'-- Detecting CXX compiler ABI info\n'}
[0.401407] (my_robot_interfaces) StdoutLine: {'line': b'-- Detecting CXX compiler ABI info - done\n'}
[0.401550] (-) TimerEvent: {}
[0.408944] (my_robot_interfaces) StdoutLine: {'line': b'-- Check for working CXX compiler: /usr/bin/c++ - skipped\n'}
[0.409077] (my_robot_interfaces) StdoutLine: {'line': b'-- Detecting CXX compile features\n'}
[0.409131] (my_robot_interfaces) StdoutLine: {'line': b'-- Detecting CXX compile features - done\n'}
[0.426713] (my_robot_interfaces) StdoutLine: {'line': b'-- Found ament_cmake: 1.3.11 (/opt/ros/humble/share/ament_cmake/cmake)\n'}
[0.502051] (-) TimerEvent: {}
[0.558960] (my_robot_interfaces) StdoutLine: {'line': b'-- Found Python3: /usr/bin/python3 (found version "3.10.12") found components: Interpreter \n'}
[0.605728] (-) TimerEvent: {}
[0.639077] (my_robot_interfaces) StdoutLine: {'line': b'-- Found rosidl_default_generators: 1.2.0 (/opt/ros/humble/share/rosidl_default_generators/cmake)\n'}
[0.644234] (my_robot_interfaces) StdoutLine: {'line': b'-- Using all available rosidl_typesupport_c: rosidl_typesupport_fastrtps_c;rosidl_typesupport_introspection_c\n'}
[0.654011] (my_robot_interfaces) StdoutLine: {'line': b'-- Found rosidl_adapter: 3.1.6 (/opt/ros/humble/share/rosidl_adapter/cmake)\n'}
[0.703223] (my_robot_interfaces) StdoutLine: {'line': b'-- Using all available rosidl_typesupport_cpp: rosidl_typesupport_fastrtps_cpp;rosidl_typesupport_introspection_cpp\n'}
[0.706225] (-) TimerEvent: {}
[0.807368] (-) TimerEvent: {}
[0.909107] (-) TimerEvent: {}
[1.009642] (-) TimerEvent: {}
[1.029153] (my_robot_interfaces) StdoutLine: {'line': b'-- Found ament_cmake_ros: 0.10.0 (/opt/ros/humble/share/ament_cmake_ros/cmake)\n'}
[1.110201] (-) TimerEvent: {}
[1.190373] (my_robot_interfaces) StdoutLine: {'line': b'-- Using all available rosidl_typesupport_c: rosidl_typesupport_fastrtps_c;rosidl_typesupport_introspection_c\n'}
[1.211096] (-) TimerEvent: {}
[1.311669] (-) TimerEvent: {}
[1.412077] (-) TimerEvent: {}
[1.416999] (my_robot_interfaces) StdoutLine: {'line': b'-- Using all available rosidl_typesupport_cpp: rosidl_typesupport_fastrtps_cpp;rosidl_typesupport_introspection_cpp\n'}
[1.439603] (my_robot_interfaces) StdoutLine: {'line': b'-- Found PythonInterp: /usr/bin/python3 (found suitable version "3.10.12", minimum required is "3.6") \n'}
[1.443449] (my_robot_interfaces) StdoutLine: {'line': b'-- Found python_cmake_module: 0.10.0 (/opt/ros/humble/share/python_cmake_module/cmake)\n'}
[1.471943] (my_robot_interfaces) StdoutLine: {'line': b'-- Found PythonLibs: /usr/lib/x86_64-linux-gnu/libpython3.10.so (found suitable version "3.10.12", minimum required is "3.5") \n'}
[1.472156] (my_robot_interfaces) StdoutLine: {'line': b'-- Using PYTHON_EXECUTABLE: /usr/bin/python3\n'}
[1.472333] (my_robot_interfaces) StdoutLine: {'line': b'-- Using PYTHON_INCLUDE_DIRS: /usr/include/python3.10\n'}
[1.472431] (my_robot_interfaces) StdoutLine: {'line': b'-- Using PYTHON_LIBRARIES: /usr/lib/x86_64-linux-gnu/libpython3.10.so\n'}
[1.492451] (my_robot_interfaces) StdoutLine: {'line': b'-- Found PythonExtra: .so  \n'}
[1.513634] (-) TimerEvent: {}
[1.540291] (my_robot_interfaces) StdoutLine: {'line': b'-- Configuring done\n'}
[1.576360] (my_robot_interfaces) StdoutLine: {'line': b'-- Generating done\n'}
[1.587830] (my_robot_interfaces) StdoutLine: {'line': b'-- Build files have been written to: /home/adi/RosProjects/build/my_robot_interfaces\n'}
[1.593397] (my_robot_interfaces) CommandEnded: {'returncode': 0}
[1.594072] (my_robot_interfaces) JobProgress: {'identifier': 'my_robot_interfaces', 'progress': 'build'}
[1.595257] (my_robot_interfaces) Command: {'cmd': ['/usr/bin/cmake', '--build', '/home/adi/RosProjects/build/my_robot_interfaces', '--', '-j4', '-l4'], 'cwd': '/home/adi/RosProjects/build/my_robot_interfaces', 'env': OrderedDict([('GJS_DEBUG_TOPICS', 'JS ERROR;JS LOG'), ('LESSOPEN', '| /usr/bin/lesspipe %s'), ('LANGUAGE', 'en_IN:en'), ('USER', 'adi'), ('XDG_SESSION_TYPE', 'wayland'), ('SHLVL', '1'), ('LD_LIBRARY_PATH', '/home/adi/RosProjects/install/my_robot_interfaces/lib:/home/adi/install/my_robot_interfaces/lib:/opt/ros/humble/opt/rviz_ogre_vendor/lib:/opt/ros/humble/lib/x86_64-linux-gnu:/opt/ros/humble/lib'), ('HOME', '/home/adi'), ('OLDPWD', '/home/adi/RosProjects/install'), ('DESKTOP_SESSION', 'ubuntu'), ('GIO_LAUNCHED_DESKTOP_FILE', '/usr/share/applications/terminator.desktop'), ('ROS_PYTHON_VERSION', '3'), ('GNOME_SHELL_SESSION_MODE', 'ubuntu'), ('GTK_MODULES', 'gail:atk-bridge'), ('MANAGERPID', '1128'), ('SYSTEMD_EXEC_PID', '1351'), ('DBUS_SESSION_BUS_ADDRESS', 'unix:path=/run/user/1000/bus'), ('COLORTERM', 'truecolor'), ('TERMINATOR_DBUS_NAME', 'net.tenshu.Terminator25ef4b219e3b005583550f2b0f9f990c3'), ('GIO_LAUNCHED_DESKTOP_FILE_PID', '102524'), ('IM_CONFIG_PHASE', '1'), ('WAYLAND_DISPLAY', 'wayland-0'), ('COLCON_PREFIX_PATH', '/home/adi/RosProjects/install:/home/adi/install'), ('ROS_DISTRO', 'humble'), ('LOGNAME', 'adi'), ('JOURNAL_STREAM', '8:9022'), ('_', '/usr/bin/colcon'), ('ROS_VERSION', '2'), ('XDG_SESSION_CLASS', 'user'), ('USERNAME', 'adi'), ('TERM', 'xterm-256color'), ('GNOME_DESKTOP_SESSION_ID', 'this-is-deprecated'), ('ROS_LOCALHOST_ONLY', '0'), ('PATH', '/opt/ros/humble/bin:/usr/local/sbin:/usr/local/bin:/usr/sbin:/usr/bin:/sbin:/bin:/usr/games:/usr/local/games:/snap/bin:/snap/bin'), ('SESSION_MANAGER', 'local/adi-VirtualBox:@/tmp/.ICE-unix/1306,unix/adi-VirtualBox:/tmp/.ICE-unix/1306'), ('INVOCATION_ID', '4d7f6b53d281407b850482dac7e3595f'), ('XDG_MENU_PREFIX', 'gnome-'), ('GNOME_SETUP_DISPLAY', ':1'), ('XDG_RUNTIME_DIR', '/run/user/1000'), ('DISPLAY', ':0'), ('TERMINATOR_DBUS_PATH', '/net/tenshu/Terminator2'), ('LANG', 'en_US.UTF-8'), ('XDG_CURRENT_DESKTOP', 'ubuntu:GNOME'), ('IBUS_DISABLE_SNOOPER', '1'), ('XMODIFIERS', '@im=ibus'), ('XDG_SESSION_DESKTOP', 'ubuntu'), ('XAUTHORITY', '/run/user/1000/.mutter-Xwaylandauth.CGBEE3'), ('LS_COLORS', 'rs=0:di=01;34:ln=01;36:mh=00:pi=40;33:so=01;35:do=01;35:bd=40;33;01:cd=40;33;01:or=40;31;01:mi=00:su=37;41:sg=30;43:ca=30;41:tw=30;42:ow=34;42:st=37;44:ex=01;32:*.tar=01;31:*.tgz=01;31:*.arc=01;31:*.arj=01;31:*.taz=01;31:*.lha=01;31:*.lz4=01;31:*.lzh=01;31:*.lzma=01;31:*.tlz=01;31:*.txz=01;31:*.tzo=01;31:*.t7z=01;31:*.zip=01;31:*.z=01;31:*.dz=01;31:*.gz=01;31:*.lrz=01;31:*.lz=01;31:*.lzo=01;31:*.xz=01;31:*.zst=01;31:*.tzst=01;31:*.bz2=01;31:*.bz=01;31:*.tbz=01;31:*.tbz2=01;31:*.tz=01;31:*.deb=01;31:*.rpm=01;31:*.jar=01;31:*.war=01;31:*.ear=01;31:*.sar=01;31:*.rar=01;31:*.alz=01;31:*.ace=01;31:*.zoo=01;31:*.cpio=01;31:*.7z=01;31:*.rz=01;31:*.cab=01;31:*.wim=01;31:*.swm=01;31:*.dwm=01;31:*.esd=01;31:*.jpg=01;35:*.jpeg=01;35:*.mjpg=01;35:*.mjpeg=01;35:*.gif=01;35:*.bmp=01;35:*.pbm=01;35:*.pgm=01;35:*.ppm=01;35:*.tga=01;35:*.xbm=01;35:*.xpm=01;35:*.tif=01;35:*.tiff=01;35:*.png=01;35:*.svg=01;35:*.svgz=01;35:*.mng=01;35:*.pcx=01;35:*.mov=01;35:*.mpg=01;35:*.mpeg=01;35:*.m2v=01;35:*.mkv=01;35:*.webm=01;35:*.webp=01;35:*.ogm=01;35:*.mp4=01;35:*.m4v=01;35:*.mp4v=01;35:*.vob=01;35:*.qt=01;35:*.nuv=01;35:*.wmv=01;35:*.asf=01;35:*.rm=01;35:*.rmvb=01;35:*.flc=01;35:*.avi=01;35:*.fli=01;35:*.flv=01;35:*.gl=01;35:*.dl=01;35:*.xcf=01;35:*.xwd=01;35:*.yuv=01;35:*.cgm=01;35:*.emf=01;35:*.ogv=01;35:*.ogx=01;35:*.aac=00;36:*.au=00;36:*.flac=00;36:*.m4a=00;36:*.mid=00;36:*.midi=00;36:*.mka=00;36:*.mp3=00;36:*.mpc=00;36:*.ogg=00;36:*.ra=00;36:*.wav=00;36:*.oga=00;36:*.opus=00;36:*.spx=00;36:*.xspf=00;36:'), ('SSH_AGENT_LAUNCHER', 'gnome-keyring'), ('SSH_AUTH_SOCK', '/run/user/1000/keyring/ssh'), ('AMENT_PREFIX_PATH', '/home/adi/RosProjects/install/my_robot_bringup:/home/adi/RosProjects/install/my_py_pkg:/home/adi/RosProjects/install/my_robot_interfaces:/home/adi/install/my_robot_bringup:/home/adi/install/my_py_pkg:/home/adi/install/my_robot_interfaces:/home/adi/install/my_cpp_pkg:/opt/ros/humble'), ('SHELL', '/bin/bash'), ('TERMINATOR_UUID', 'urn:uuid:094c90a5-13d4-4067-8053-3dca8838fba4'), ('QT_ACCESSIBILITY', '1'), ('GDMSESSION', 'ubuntu'), ('LESSCLOSE', '/usr/bin/lesspipe %s %s'), ('GJS_DEBUG_OUTPUT', 'stderr'), ('QT_IM_MODULE', 'ibus'), ('PWD', '/home/adi/RosProjects/build/my_robot_interfaces'), ('LC_ALL', 'en_US.UTF-8'), ('XDG_CONFIG_DIRS', '/etc/xdg/xdg-ubuntu:/etc/xdg'), ('XDG_DATA_DIRS', '/usr/share/ubuntu:/usr/local/share/:/usr/share/:/var/lib/snapd/desktop'), ('PYTHONPATH', '/home/adi/RosProjects/install/my_py_pkg/lib/python3.10/site-packages:/home/adi/RosProjects/install/my_robot_interfaces/local/lib/python3.10/dist-packages:/home/adi/install/my_py_pkg/lib/python3.10/site-packages:/home/adi/install/my_robot_interfaces/local/lib/python3.10/dist-packages:/opt/ros/humble/lib/python3.10/site-packages:/opt/ros/humble/local/lib/python3.10/dist-packages'), ('COLCON', '1'), ('VTE_VERSION', '6800'), ('CMAKE_PREFIX_PATH', '/home/adi/RosProjects/install/my_robot_bringup:/home/adi/RosProjects/install/my_robot_interfaces:/home/adi/install/my_robot_bringup:/home/adi/install/my_robot_interfaces:/home/adi/install/my_cpp_pkg:/home/adi/RosProjects/install/my_py_pkg:/home/adi/install/my_py_pkg:/opt/ros/humble')]), 'shell': False}
[1.614322] (-) TimerEvent: {}
[1.633645] (my_robot_interfaces) StdoutLine: {'line': b'[  1%] \x1b[34m\x1b[1mGenerating C code for ROS interfaces\x1b[0m\n'}
[1.643850] (my_robot_interfaces) StdoutLine: {'line': b'[  2%] \x1b[34m\x1b[1mGenerating C++ code for ROS interfaces\x1b[0m\n'}
[1.652439] (my_robot_interfaces) StdoutLine: {'line': b'[  2%] Built target ament_cmake_python_copy_my_robot_interfaces\n'}
[1.714396] (-) TimerEvent: {}
[1.815652] (-) TimerEvent: {}
[1.883907] (my_robot_interfaces) StdoutLine: {'line': b'running egg_info\n'}
[1.884114] (my_robot_interfaces) StdoutLine: {'line': b'creating my_robot_interfaces.egg-info\n'}
[1.884505] (my_robot_interfaces) StdoutLine: {'line': b'writing my_robot_interfaces.egg-info/PKG-INFO\n'}
[1.884799] (my_robot_interfaces) StdoutLine: {'line': b'writing dependency_links to my_robot_interfaces.egg-info/dependency_links.txt\n'}
[1.885269] (my_robot_interfaces) StdoutLine: {'line': b'writing top-level names to my_robot_interfaces.egg-info/top_level.txt\n'}
[1.885372] (my_robot_interfaces) StdoutLine: {'line': b"writing manifest file 'my_robot_interfaces.egg-info/SOURCES.txt'\n"}
[1.887097] (my_robot_interfaces) StdoutLine: {'line': b"reading manifest file 'my_robot_interfaces.egg-info/SOURCES.txt'\n"}
[1.888092] (my_robot_interfaces) StdoutLine: {'line': b"writing manifest file 'my_robot_interfaces.egg-info/SOURCES.txt'\n"}
[1.914615] (my_robot_interfaces) StdoutLine: {'line': b'[  2%] Built target ament_cmake_python_build_my_robot_interfaces_egg\n'}
[1.915834] (-) TimerEvent: {}
[2.016908] (-) TimerEvent: {}
[2.117794] (-) TimerEvent: {}
[2.218305] (-) TimerEvent: {}
[2.318782] (-) TimerEvent: {}
[2.404768] (my_robot_interfaces) StdoutLine: {'line': b'[  2%] Built target my_robot_interfaces__cpp\n'}
[2.420983] (-) TimerEvent: {}
[2.433327] (my_robot_interfaces) StdoutLine: {'line': b'[  4%] \x1b[34m\x1b[1mGenerating C++ type support dispatch for ROS interfaces\x1b[0m\n'}
[2.450605] (my_robot_interfaces) StdoutLine: {'line': b'[  5%] \x1b[34m\x1b[1mGenerating C++ introspection for ROS interfaces\x1b[0m\n'}
[2.452359] (my_robot_interfaces) StdoutLine: {'line': b'[  7%] \x1b[34m\x1b[1mGenerating C++ type support for eProsima Fast-RTPS\x1b[0m\n'}
[2.465821] (my_robot_interfaces) StdoutLine: {'line': b'[  8%] \x1b[32mBuilding C object CMakeFiles/my_robot_interfaces__rosidl_generator_c.dir/rosidl_generator_c/my_robot_interfaces/msg/detail/hardware_status__functions.c.o\x1b[0m\n'}
[2.519982] (my_robot_interfaces) StdoutLine: {'line': b'[  9%] \x1b[32mBuilding C object CMakeFiles/my_robot_interfaces__rosidl_generator_c.dir/rosidl_generator_c/my_robot_interfaces/srv/detail/compute_rectangle_area__functions.c.o\x1b[0m\n'}
[2.521187] (-) TimerEvent: {}
[2.573941] (my_robot_interfaces) StdoutLine: {'line': b'[ 11%] \x1b[32mBuilding C object CMakeFiles/my_robot_interfaces__rosidl_generator_c.dir/rosidl_generator_c/my_robot_interfaces/msg/detail/battery_status__functions.c.o\x1b[0m\n'}
[2.617117] (my_robot_interfaces) StdoutLine: {'line': b'[ 12%] \x1b[32mBuilding C object CMakeFiles/my_robot_interfaces__rosidl_generator_c.dir/rosidl_generator_c/my_robot_interfaces/srv/detail/set_led_status__functions.c.o\x1b[0m\n'}
[2.621259] (-) TimerEvent: {}
[2.674140] (my_robot_interfaces) StdoutLine: {'line': b'[ 14%] \x1b[32mBuilding C object CMakeFiles/my_robot_interfaces__rosidl_generator_c.dir/rosidl_generator_c/my_robot_interfaces/action/detail/predator_movement__functions.c.o\x1b[0m\n'}
[2.721922] (-) TimerEvent: {}
[2.787811] (my_robot_interfaces) StdoutLine: {'line': b'[ 15%] \x1b[32mBuilding C object CMakeFiles/my_robot_interfaces__rosidl_generator_c.dir/rosidl_generator_c/my_robot_interfaces/srv/detail/spawn_turtle__functions.c.o\x1b[0m\n'}
[2.822025] (-) TimerEvent: {}
[2.836539] (my_robot_interfaces) StdoutLine: {'line': b'[ 16%] \x1b[32m\x1b[1mLinking C shared library libmy_robot_interfaces__rosidl_generator_c.so\x1b[0m\n'}
[2.878333] (my_robot_interfaces) StdoutLine: {'line': b'[ 16%] Built target my_robot_interfaces__rosidl_generator_c\n'}
[2.889545] (my_robot_interfaces) StdoutLine: {'line': b'[ 18%] \x1b[34m\x1b[1mGenerating C type support for eProsima Fast-RTPS\x1b[0m\n'}
[2.922127] (-) TimerEvent: {}
[2.972391] (my_robot_interfaces) StdoutLine: {'line': b'[ 19%] \x1b[32mBuilding CXX object CMakeFiles/my_robot_interfaces__rosidl_typesupport_cpp.dir/rosidl_typesupport_cpp/my_robot_interfaces/msg/hardware_status__type_support.cpp.o\x1b[0m\n'}
[3.022262] (-) TimerEvent: {}
[3.098279] (my_robot_interfaces) StdoutLine: {'line': b'[ 21%] \x1b[32mBuilding CXX object CMakeFiles/my_robot_interfaces__rosidl_typesupport_introspection_cpp.dir/rosidl_typesupport_introspection_cpp/my_robot_interfaces/msg/detail/hardware_status__type_support.cpp.o\x1b[0m\n'}
[3.122684] (-) TimerEvent: {}
[3.188595] (my_robot_interfaces) StdoutLine: {'line': b'[ 22%] \x1b[32mBuilding CXX object CMakeFiles/my_robot_interfaces__rosidl_typesupport_fastrtps_cpp.dir/rosidl_typesupport_fastrtps_cpp/my_robot_interfaces/msg/detail/dds_fastrtps/hardware_status__type_support.cpp.o\x1b[0m\n'}
[3.223144] (-) TimerEvent: {}
[3.297512] (my_robot_interfaces) StdoutLine: {'line': b'[ 23%] \x1b[32mBuilding CXX object CMakeFiles/my_robot_interfaces__rosidl_typesupport_cpp.dir/rosidl_typesupport_cpp/my_robot_interfaces/srv/compute_rectangle_area__type_support.cpp.o\x1b[0m\n'}
[3.323520] (-) TimerEvent: {}
[3.425842] (-) TimerEvent: {}
[3.514053] (my_robot_interfaces) StdoutLine: {'line': b'[ 25%] \x1b[32mBuilding CXX object CMakeFiles/my_robot_interfaces__rosidl_typesupport_introspection_cpp.dir/rosidl_typesupport_introspection_cpp/my_robot_interfaces/srv/detail/compute_rectangle_area__type_support.cpp.o\x1b[0m\n'}
[3.527233] (-) TimerEvent: {}
[3.580823] (my_robot_interfaces) StdoutLine: {'line': b'[ 26%] \x1b[32mBuilding CXX object CMakeFiles/my_robot_interfaces__rosidl_typesupport_fastrtps_cpp.dir/rosidl_typesupport_fastrtps_cpp/my_robot_interfaces/srv/detail/dds_fastrtps/compute_rectangle_area__type_support.cpp.o\x1b[0m\n'}
[3.601549] (my_robot_interfaces) StdoutLine: {'line': b'[ 28%] \x1b[32mBuilding CXX object CMakeFiles/my_robot_interfaces__rosidl_typesupport_fastrtps_c.dir/rosidl_typesupport_fastrtps_c/my_robot_interfaces/msg/detail/hardware_status__type_support_c.cpp.o\x1b[0m\n'}
[3.615198] (my_robot_interfaces) StdoutLine: {'line': b'[ 29%] \x1b[32mBuilding CXX object CMakeFiles/my_robot_interfaces__rosidl_typesupport_cpp.dir/rosidl_typesupport_cpp/my_robot_interfaces/msg/battery_status__type_support.cpp.o\x1b[0m\n'}
[3.628324] (-) TimerEvent: {}
[3.728759] (-) TimerEvent: {}
[3.829699] (-) TimerEvent: {}
[3.872766] (my_robot_interfaces) StdoutLine: {'line': b'[ 30%] \x1b[32mBuilding CXX object CMakeFiles/my_robot_interfaces__rosidl_typesupport_cpp.dir/rosidl_typesupport_cpp/my_robot_interfaces/srv/set_led_status__type_support.cpp.o\x1b[0m\n'}
[3.906625] (my_robot_interfaces) StdoutLine: {'line': b'[ 32%] \x1b[32mBuilding CXX object CMakeFiles/my_robot_interfaces__rosidl_typesupport_introspection_cpp.dir/rosidl_typesupport_introspection_cpp/my_robot_interfaces/msg/detail/battery_status__type_support.cpp.o\x1b[0m\n'}
[3.930453] (-) TimerEvent: {}
[3.945238] (my_robot_interfaces) StdoutLine: {'line': b'[ 33%] \x1b[32mBuilding CXX object CMakeFiles/my_robot_interfaces__rosidl_typesupport_fastrtps_c.dir/rosidl_typesupport_fastrtps_c/my_robot_interfaces/srv/detail/compute_rectangle_area__type_support_c.cpp.o\x1b[0m\n'}
[3.962998] (my_robot_interfaces) StdoutLine: {'line': b'[ 35%] \x1b[32mBuilding CXX object CMakeFiles/my_robot_interfaces__rosidl_typesupport_fastrtps_cpp.dir/rosidl_typesupport_fastrtps_cpp/my_robot_interfaces/msg/detail/dds_fastrtps/battery_status__type_support.cpp.o\x1b[0m\n'}
[4.031298] (-) TimerEvent: {}
[4.131986] (-) TimerEvent: {}
[4.141627] (my_robot_interfaces) StdoutLine: {'line': b'[ 36%] \x1b[32mBuilding CXX object CMakeFiles/my_robot_interfaces__rosidl_typesupport_cpp.dir/rosidl_typesupport_cpp/my_robot_interfaces/action/predator_movement__type_support.cpp.o\x1b[0m\n'}
[4.232999] (-) TimerEvent: {}
[4.273417] (my_robot_interfaces) StdoutLine: {'line': b'[ 38%] \x1b[32mBuilding CXX object CMakeFiles/my_robot_interfaces__rosidl_typesupport_introspection_cpp.dir/rosidl_typesupport_introspection_cpp/my_robot_interfaces/srv/detail/set_led_status__type_support.cpp.o\x1b[0m\n'}
[4.279877] (my_robot_interfaces) StdoutLine: {'line': b'[ 39%] \x1b[32mBuilding CXX object CMakeFiles/my_robot_interfaces__rosidl_typesupport_fastrtps_c.dir/rosidl_typesupport_fastrtps_c/my_robot_interfaces/msg/detail/battery_status__type_support_c.cpp.o\x1b[0m\n'}
[4.320118] (my_robot_interfaces) StdoutLine: {'line': b'[ 40%] \x1b[32mBuilding CXX object CMakeFiles/my_robot_interfaces__rosidl_typesupport_fastrtps_cpp.dir/rosidl_typesupport_fastrtps_cpp/my_robot_interfaces/srv/detail/dds_fastrtps/set_led_status__type_support.cpp.o\x1b[0m\n'}
[4.334303] (-) TimerEvent: {}
[4.434920] (-) TimerEvent: {}
[4.535308] (-) TimerEvent: {}
[4.622617] (my_robot_interfaces) StdoutLine: {'line': b'[ 42%] \x1b[32mBuilding CXX object CMakeFiles/my_robot_interfaces__rosidl_typesupport_fastrtps_c.dir/rosidl_typesupport_fastrtps_c/my_robot_interfaces/srv/detail/set_led_status__type_support_c.cpp.o\x1b[0m\n'}
[4.632798] (my_robot_interfaces) StdoutLine: {'line': b'[ 43%] \x1b[32mBuilding CXX object CMakeFiles/my_robot_interfaces__rosidl_typesupport_cpp.dir/rosidl_typesupport_cpp/my_robot_interfaces/srv/spawn_turtle__type_support.cpp.o\x1b[0m\n'}
[4.635547] (-) TimerEvent: {}
[4.667403] (my_robot_interfaces) StdoutLine: {'line': b'[ 45%] \x1b[32mBuilding CXX object CMakeFiles/my_robot_interfaces__rosidl_typesupport_introspection_cpp.dir/rosidl_typesupport_introspection_cpp/my_robot_interfaces/action/detail/predator_movement__type_support.cpp.o\x1b[0m\n'}
[4.736037] (-) TimerEvent: {}
[4.745847] (my_robot_interfaces) StdoutLine: {'line': b'[ 46%] \x1b[32mBuilding CXX object CMakeFiles/my_robot_interfaces__rosidl_typesupport_fastrtps_cpp.dir/rosidl_typesupport_fastrtps_cpp/my_robot_interfaces/action/detail/dds_fastrtps/predator_movement__type_support.cpp.o\x1b[0m\n'}
[4.836169] (-) TimerEvent: {}
[4.874817] (my_robot_interfaces) StdoutLine: {'line': b'[ 47%] \x1b[32m\x1b[1mLinking CXX shared library libmy_robot_interfaces__rosidl_typesupport_cpp.so\x1b[0m\n'}
[4.922946] (my_robot_interfaces) StdoutLine: {'line': b'[ 47%] Built target my_robot_interfaces__rosidl_typesupport_cpp\n'}
[4.934994] (my_robot_interfaces) StdoutLine: {'line': b'[ 49%] \x1b[32mBuilding CXX object CMakeFiles/my_robot_interfaces__rosidl_typesupport_fastrtps_c.dir/rosidl_typesupport_fastrtps_c/my_robot_interfaces/action/detail/predator_movement__type_support_c.cpp.o\x1b[0m\n'}
[4.937162] (-) TimerEvent: {}
[4.968826] (my_robot_interfaces) StdoutLine: {'line': b'[ 50%] \x1b[32mBuilding CXX object CMakeFiles/my_robot_interfaces__rosidl_typesupport_fastrtps_c.dir/rosidl_typesupport_fastrtps_c/my_robot_interfaces/srv/detail/spawn_turtle__type_support_c.cpp.o\x1b[0m\n'}
[5.037345] (-) TimerEvent: {}
[5.137940] (-) TimerEvent: {}
[5.238334] (my_robot_interfaces) StdoutLine: {'line': b'[ 52%] \x1b[32mBuilding CXX object CMakeFiles/my_robot_interfaces__rosidl_typesupport_introspection_cpp.dir/rosidl_typesupport_introspection_cpp/my_robot_interfaces/srv/detail/spawn_turtle__type_support.cpp.o\x1b[0m\n'}
[5.238501] (-) TimerEvent: {}
[5.280898] (my_robot_interfaces) StdoutLine: {'line': b'[ 53%] \x1b[32mBuilding CXX object CMakeFiles/my_robot_interfaces__rosidl_typesupport_fastrtps_cpp.dir/rosidl_typesupport_fastrtps_cpp/my_robot_interfaces/srv/detail/dds_fastrtps/spawn_turtle__type_support.cpp.o\x1b[0m\n'}
[5.289370] (my_robot_interfaces) StdoutLine: {'line': b'[ 54%] \x1b[34m\x1b[1mGenerating C introspection for ROS interfaces\x1b[0m\n'}
[5.309457] (my_robot_interfaces) StdoutLine: {'line': b'[ 56%] \x1b[32m\x1b[1mLinking CXX shared library libmy_robot_interfaces__rosidl_typesupport_fastrtps_c.so\x1b[0m\n'}
[5.338671] (-) TimerEvent: {}
[5.402558] (my_robot_interfaces) StdoutLine: {'line': b'[ 56%] Built target my_robot_interfaces__rosidl_typesupport_fastrtps_c\n'}
[5.413638] (my_robot_interfaces) StdoutLine: {'line': b'[ 57%] \x1b[34m\x1b[1mGenerating C type support dispatch for ROS interfaces\x1b[0m\n'}
[5.439417] (-) TimerEvent: {}
[5.540077] (-) TimerEvent: {}
[5.626648] (my_robot_interfaces) StdoutLine: {'line': b'[ 59%] \x1b[32m\x1b[1mLinking CXX shared library libmy_robot_interfaces__rosidl_typesupport_introspection_cpp.so\x1b[0m\n'}
[5.640247] (-) TimerEvent: {}
[5.680779] (my_robot_interfaces) StdoutLine: {'line': b'[ 60%] \x1b[32m\x1b[1mLinking CXX shared library libmy_robot_interfaces__rosidl_typesupport_fastrtps_cpp.so\x1b[0m\n'}
[5.720954] (my_robot_interfaces) StdoutLine: {'line': b'[ 60%] Built target my_robot_interfaces__rosidl_typesupport_introspection_cpp\n'}
[5.740780] (-) TimerEvent: {}
[5.758326] (my_robot_interfaces) StdoutLine: {'line': b'[ 60%] Built target my_robot_interfaces__rosidl_typesupport_fastrtps_cpp\n'}
[5.841312] (-) TimerEvent: {}
[5.912398] (my_robot_interfaces) StdoutLine: {'line': b'[ 61%] \x1b[32mBuilding C object CMakeFiles/my_robot_interfaces__rosidl_typesupport_introspection_c.dir/rosidl_typesupport_introspection_c/my_robot_interfaces/msg/detail/hardware_status__type_support.c.o\x1b[0m\n'}
[5.912619] (my_robot_interfaces) StdoutLine: {'line': b'[ 63%] \x1b[32mBuilding C object CMakeFiles/my_robot_interfaces__rosidl_typesupport_introspection_c.dir/rosidl_typesupport_introspection_c/my_robot_interfaces/srv/detail/compute_rectangle_area__type_support.c.o\x1b[0m\n'}
[5.913039] (my_robot_interfaces) StdoutLine: {'line': b'[ 64%] \x1b[32mBuilding C object CMakeFiles/my_robot_interfaces__rosidl_typesupport_introspection_c.dir/rosidl_typesupport_introspection_c/my_robot_interfaces/msg/detail/battery_status__type_support.c.o\x1b[0m\n'}
[5.921160] (my_robot_interfaces) StdoutLine: {'line': b'[ 66%] \x1b[32mBuilding CXX object CMakeFiles/my_robot_interfaces__rosidl_typesupport_c.dir/rosidl_typesupport_c/my_robot_interfaces/msg/hardware_status__type_support.cpp.o\x1b[0m\n'}
[5.943290] (-) TimerEvent: {}
[5.944935] (my_robot_interfaces) StdoutLine: {'line': b'[ 69%] \x1b[32mBuilding C object CMakeFiles/my_robot_interfaces__rosidl_typesupport_introspection_c.dir/rosidl_typesupport_introspection_c/my_robot_interfaces/action/detail/predator_movement__type_support.c.o\x1b[0m\n'}
[5.945769] (my_robot_interfaces) StdoutLine: {'line': b'[ 69%] \x1b[32mBuilding C object CMakeFiles/my_robot_interfaces__rosidl_typesupport_introspection_c.dir/rosidl_typesupport_introspection_c/my_robot_interfaces/srv/detail/set_led_status__type_support.c.o\x1b[0m\n'}
[5.946045] (my_robot_interfaces) StdoutLine: {'line': b'[ 70%] \x1b[32mBuilding C object CMakeFiles/my_robot_interfaces__rosidl_typesupport_introspection_c.dir/rosidl_typesupport_introspection_c/my_robot_interfaces/srv/detail/spawn_turtle__type_support.c.o\x1b[0m\n'}
[5.952434] (my_robot_interfaces) StdoutLine: {'line': b'[ 71%] \x1b[32mBuilding CXX object CMakeFiles/my_robot_interfaces__rosidl_typesupport_c.dir/rosidl_typesupport_c/my_robot_interfaces/srv/compute_rectangle_area__type_support.cpp.o\x1b[0m\n'}
[5.981438] (my_robot_interfaces) StdoutLine: {'line': b'[ 73%] \x1b[32mBuilding CXX object CMakeFiles/my_robot_interfaces__rosidl_typesupport_c.dir/rosidl_typesupport_c/my_robot_interfaces/msg/battery_status__type_support.cpp.o\x1b[0m\n'}
[5.982623] (my_robot_interfaces) StdoutLine: {'line': b'[ 74%] \x1b[32mBuilding CXX object CMakeFiles/my_robot_interfaces__rosidl_typesupport_c.dir/rosidl_typesupport_c/my_robot_interfaces/srv/set_led_status__type_support.cpp.o\x1b[0m\n'}
[5.986772] (my_robot_interfaces) StdoutLine: {'line': b'[ 76%] \x1b[32mBuilding CXX object CMakeFiles/my_robot_interfaces__rosidl_typesupport_c.dir/rosidl_typesupport_c/my_robot_interfaces/action/predator_movement__type_support.cpp.o\x1b[0m\n'}
[5.992063] (my_robot_interfaces) StdoutLine: {'line': b'[ 77%] \x1b[32m\x1b[1mLinking C shared library libmy_robot_interfaces__rosidl_typesupport_introspection_c.so\x1b[0m\n'}
[6.010441] (my_robot_interfaces) StdoutLine: {'line': b'[ 78%] \x1b[32mBuilding CXX object CMakeFiles/my_robot_interfaces__rosidl_typesupport_c.dir/rosidl_typesupport_c/my_robot_interfaces/srv/spawn_turtle__type_support.cpp.o\x1b[0m\n'}
[6.025703] (my_robot_interfaces) StdoutLine: {'line': b'[ 78%] Built target my_robot_interfaces__rosidl_typesupport_introspection_c\n'}
[6.038241] (my_robot_interfaces) StdoutLine: {'line': b'[ 80%] \x1b[32m\x1b[1mLinking CXX shared library libmy_robot_interfaces__rosidl_typesupport_c.so\x1b[0m\n'}
[6.043674] (-) TimerEvent: {}
[6.076281] (my_robot_interfaces) StdoutLine: {'line': b'[ 80%] Built target my_robot_interfaces__rosidl_typesupport_c\n'}
[6.095236] (my_robot_interfaces) StdoutLine: {'line': b'[ 80%] Built target my_robot_interfaces\n'}
[6.113167] (my_robot_interfaces) StdoutLine: {'line': b'[ 81%] \x1b[34m\x1b[1mGenerating Python code for ROS interfaces\x1b[0m\n'}
[6.144153] (-) TimerEvent: {}
[6.244414] (-) TimerEvent: {}
[6.346052] (-) TimerEvent: {}
[6.450858] (-) TimerEvent: {}
[6.553865] (-) TimerEvent: {}
[6.654994] (-) TimerEvent: {}
[6.757228] (-) TimerEvent: {}
[6.857925] (-) TimerEvent: {}
[6.958580] (-) TimerEvent: {}
[7.063905] (-) TimerEvent: {}
[7.169454] (-) TimerEvent: {}
[7.271869] (-) TimerEvent: {}
[7.329381] (my_robot_interfaces) StdoutLine: {'line': b'[ 81%] Built target my_robot_interfaces__py\n'}
[7.350016] (my_robot_interfaces) StdoutLine: {'line': b'[ 85%] \x1b[32mBuilding C object CMakeFiles/my_robot_interfaces__rosidl_generator_py.dir/rosidl_generator_py/my_robot_interfaces/msg/_hardware_status_s.c.o\x1b[0m\n'}
[7.350208] (my_robot_interfaces) StdoutLine: {'line': b'[ 85%] \x1b[32mBuilding C object CMakeFiles/my_robot_interfaces__rosidl_generator_py.dir/rosidl_generator_py/my_robot_interfaces/msg/_battery_status_s.c.o\x1b[0m\n'}
[7.350286] (my_robot_interfaces) StdoutLine: {'line': b'[ 85%] \x1b[32mBuilding C object CMakeFiles/my_robot_interfaces__rosidl_generator_py.dir/rosidl_generator_py/my_robot_interfaces/srv/_set_led_status_s.c.o\x1b[0m\n'}
[7.350342] (my_robot_interfaces) StdoutLine: {'line': b'[ 87%] \x1b[32mBuilding C object CMakeFiles/my_robot_interfaces__rosidl_generator_py.dir/rosidl_generator_py/my_robot_interfaces/srv/_compute_rectangle_area_s.c.o\x1b[0m\n'}
[7.372093] (-) TimerEvent: {}
[7.456934] (my_robot_interfaces) StdoutLine: {'line': b'[ 88%] \x1b[32mBuilding C object CMakeFiles/my_robot_interfaces__rosidl_generator_py.dir/rosidl_generator_py/my_robot_interfaces/action/_predator_movement_s.c.o\x1b[0m\n'}
[7.460719] (my_robot_interfaces) StdoutLine: {'line': b'[ 90%] \x1b[32mBuilding C object CMakeFiles/my_robot_interfaces__rosidl_generator_py.dir/rosidl_generator_py/my_robot_interfaces/srv/_spawn_turtle_s.c.o\x1b[0m\n'}
[7.472280] (-) TimerEvent: {}
[7.572820] (-) TimerEvent: {}
[7.581076] (my_robot_interfaces) StdoutLine: {'line': b'[ 91%] \x1b[32m\x1b[1mLinking C shared library rosidl_generator_py/my_robot_interfaces/libmy_robot_interfaces__rosidl_generator_py.so\x1b[0m\n'}
[7.619848] (my_robot_interfaces) StdoutLine: {'line': b'[ 91%] Built target my_robot_interfaces__rosidl_generator_py\n'}
[7.639372] (my_robot_interfaces) StdoutLine: {'line': b'[ 94%] \x1b[32mBuilding C object CMakeFiles/my_robot_interfaces__rosidl_typesupport_introspection_c__pyext.dir/rosidl_generator_py/my_robot_interfaces/_my_robot_interfaces_s.ep.rosidl_typesupport_introspection_c.c.o\x1b[0m\n'}
[7.639680] (my_robot_interfaces) StdoutLine: {'line': b'[ 92%] \x1b[32mBuilding C object CMakeFiles/my_robot_interfaces__rosidl_typesupport_fastrtps_c__pyext.dir/rosidl_generator_py/my_robot_interfaces/_my_robot_interfaces_s.ep.rosidl_typesupport_fastrtps_c.c.o\x1b[0m\n'}
[7.639782] (my_robot_interfaces) StdoutLine: {'line': b'[ 95%] \x1b[32mBuilding C object CMakeFiles/my_robot_interfaces__rosidl_typesupport_c__pyext.dir/rosidl_generator_py/my_robot_interfaces/_my_robot_interfaces_s.ep.rosidl_typesupport_c.c.o\x1b[0m\n'}
[7.674281] (-) TimerEvent: {}
[7.763881] (my_robot_interfaces) StdoutLine: {'line': b'[ 97%] \x1b[32m\x1b[1mLinking C shared library rosidl_generator_py/my_robot_interfaces/my_robot_interfaces_s__rosidl_typesupport_fastrtps_c.cpython-310-x86_64-linux-gnu.so\x1b[0m\n'}
[7.765583] (my_robot_interfaces) StdoutLine: {'line': b'[100%] \x1b[32m\x1b[1mLinking C shared library rosidl_generator_py/my_robot_interfaces/my_robot_interfaces_s__rosidl_typesupport_introspection_c.cpython-310-x86_64-linux-gnu.so\x1b[0m\n'}
[7.766078] (my_robot_interfaces) StdoutLine: {'line': b'[100%] \x1b[32m\x1b[1mLinking C shared library rosidl_generator_py/my_robot_interfaces/my_robot_interfaces_s__rosidl_typesupport_c.cpython-310-x86_64-linux-gnu.so\x1b[0m\n'}
[7.774625] (-) TimerEvent: {}
[7.802327] (my_robot_interfaces) StdoutLine: {'line': b'[100%] Built target my_robot_interfaces__rosidl_typesupport_fastrtps_c__pyext\n'}
[7.802529] (my_robot_interfaces) StdoutLine: {'line': b'[100%] Built target my_robot_interfaces__rosidl_typesupport_introspection_c__pyext\n'}
[7.805307] (my_robot_interfaces) StdoutLine: {'line': b'[100%] Built target my_robot_interfaces__rosidl_typesupport_c__pyext\n'}
[7.818385] (my_robot_interfaces) CommandEnded: {'returncode': 0}
[7.819353] (my_robot_interfaces) JobProgress: {'identifier': 'my_robot_interfaces', 'progress': 'install'}
[7.827764] (my_robot_interfaces) Command: {'cmd': ['/usr/bin/cmake', '--install', '/home/adi/RosProjects/build/my_robot_interfaces'], 'cwd': '/home/adi/RosProjects/build/my_robot_interfaces', 'env': OrderedDict([('GJS_DEBUG_TOPICS', 'JS ERROR;JS LOG'), ('LESSOPEN', '| /usr/bin/lesspipe %s'), ('LANGUAGE', 'en_IN:en'), ('USER', 'adi'), ('XDG_SESSION_TYPE', 'wayland'), ('SHLVL', '1'), ('LD_LIBRARY_PATH', '/home/adi/RosProjects/install/my_robot_interfaces/lib:/home/adi/install/my_robot_interfaces/lib:/opt/ros/humble/opt/rviz_ogre_vendor/lib:/opt/ros/humble/lib/x86_64-linux-gnu:/opt/ros/humble/lib'), ('HOME', '/home/adi'), ('OLDPWD', '/home/adi/RosProjects/install'), ('DESKTOP_SESSION', 'ubuntu'), ('GIO_LAUNCHED_DESKTOP_FILE', '/usr/share/applications/terminator.desktop'), ('ROS_PYTHON_VERSION', '3'), ('GNOME_SHELL_SESSION_MODE', 'ubuntu'), ('GTK_MODULES', 'gail:atk-bridge'), ('MANAGERPID', '1128'), ('SYSTEMD_EXEC_PID', '1351'), ('DBUS_SESSION_BUS_ADDRESS', 'unix:path=/run/user/1000/bus'), ('COLORTERM', 'truecolor'), ('TERMINATOR_DBUS_NAME', 'net.tenshu.Terminator25ef4b219e3b005583550f2b0f9f990c3'), ('GIO_LAUNCHED_DESKTOP_FILE_PID', '102524'), ('IM_CONFIG_PHASE', '1'), ('WAYLAND_DISPLAY', 'wayland-0'), ('COLCON_PREFIX_PATH', '/home/adi/RosProjects/install:/home/adi/install'), ('ROS_DISTRO', 'humble'), ('LOGNAME', 'adi'), ('JOURNAL_STREAM', '8:9022'), ('_', '/usr/bin/colcon'), ('ROS_VERSION', '2'), ('XDG_SESSION_CLASS', 'user'), ('USERNAME', 'adi'), ('TERM', 'xterm-256color'), ('GNOME_DESKTOP_SESSION_ID', 'this-is-deprecated'), ('ROS_LOCALHOST_ONLY', '0'), ('PATH', '/opt/ros/humble/bin:/usr/local/sbin:/usr/local/bin:/usr/sbin:/usr/bin:/sbin:/bin:/usr/games:/usr/local/games:/snap/bin:/snap/bin'), ('SESSION_MANAGER', 'local/adi-VirtualBox:@/tmp/.ICE-unix/1306,unix/adi-VirtualBox:/tmp/.ICE-unix/1306'), ('INVOCATION_ID', '4d7f6b53d281407b850482dac7e3595f'), ('XDG_MENU_PREFIX', 'gnome-'), ('GNOME_SETUP_DISPLAY', ':1'), ('XDG_RUNTIME_DIR', '/run/user/1000'), ('DISPLAY', ':0'), ('TERMINATOR_DBUS_PATH', '/net/tenshu/Terminator2'), ('LANG', 'en_US.UTF-8'), ('XDG_CURRENT_DESKTOP', 'ubuntu:GNOME'), ('IBUS_DISABLE_SNOOPER', '1'), ('XMODIFIERS', '@im=ibus'), ('XDG_SESSION_DESKTOP', 'ubuntu'), ('XAUTHORITY', '/run/user/1000/.mutter-Xwaylandauth.CGBEE3'), ('LS_COLORS', 'rs=0:di=01;34:ln=01;36:mh=00:pi=40;33:so=01;35:do=01;35:bd=40;33;01:cd=40;33;01:or=40;31;01:mi=00:su=37;41:sg=30;43:ca=30;41:tw=30;42:ow=34;42:st=37;44:ex=01;32:*.tar=01;31:*.tgz=01;31:*.arc=01;31:*.arj=01;31:*.taz=01;31:*.lha=01;31:*.lz4=01;31:*.lzh=01;31:*.lzma=01;31:*.tlz=01;31:*.txz=01;31:*.tzo=01;31:*.t7z=01;31:*.zip=01;31:*.z=01;31:*.dz=01;31:*.gz=01;31:*.lrz=01;31:*.lz=01;31:*.lzo=01;31:*.xz=01;31:*.zst=01;31:*.tzst=01;31:*.bz2=01;31:*.bz=01;31:*.tbz=01;31:*.tbz2=01;31:*.tz=01;31:*.deb=01;31:*.rpm=01;31:*.jar=01;31:*.war=01;31:*.ear=01;31:*.sar=01;31:*.rar=01;31:*.alz=01;31:*.ace=01;31:*.zoo=01;31:*.cpio=01;31:*.7z=01;31:*.rz=01;31:*.cab=01;31:*.wim=01;31:*.swm=01;31:*.dwm=01;31:*.esd=01;31:*.jpg=01;35:*.jpeg=01;35:*.mjpg=01;35:*.mjpeg=01;35:*.gif=01;35:*.bmp=01;35:*.pbm=01;35:*.pgm=01;35:*.ppm=01;35:*.tga=01;35:*.xbm=01;35:*.xpm=01;35:*.tif=01;35:*.tiff=01;35:*.png=01;35:*.svg=01;35:*.svgz=01;35:*.mng=01;35:*.pcx=01;35:*.mov=01;35:*.mpg=01;35:*.mpeg=01;35:*.m2v=01;35:*.mkv=01;35:*.webm=01;35:*.webp=01;35:*.ogm=01;35:*.mp4=01;35:*.m4v=01;35:*.mp4v=01;35:*.vob=01;35:*.qt=01;35:*.nuv=01;35:*.wmv=01;35:*.asf=01;35:*.rm=01;35:*.rmvb=01;35:*.flc=01;35:*.avi=01;35:*.fli=01;35:*.flv=01;35:*.gl=01;35:*.dl=01;35:*.xcf=01;35:*.xwd=01;35:*.yuv=01;35:*.cgm=01;35:*.emf=01;35:*.ogv=01;35:*.ogx=01;35:*.aac=00;36:*.au=00;36:*.flac=00;36:*.m4a=00;36:*.mid=00;36:*.midi=00;36:*.mka=00;36:*.mp3=00;36:*.mpc=00;36:*.ogg=00;36:*.ra=00;36:*.wav=00;36:*.oga=00;36:*.opus=00;36:*.spx=00;36:*.xspf=00;36:'), ('SSH_AGENT_LAUNCHER', 'gnome-keyring'), ('SSH_AUTH_SOCK', '/run/user/1000/keyring/ssh'), ('AMENT_PREFIX_PATH', '/home/adi/RosProjects/install/my_robot_bringup:/home/adi/RosProjects/install/my_py_pkg:/home/adi/RosProjects/install/my_robot_interfaces:/home/adi/install/my_robot_bringup:/home/adi/install/my_py_pkg:/home/adi/install/my_robot_interfaces:/home/adi/install/my_cpp_pkg:/opt/ros/humble'), ('SHELL', '/bin/bash'), ('TERMINATOR_UUID', 'urn:uuid:094c90a5-13d4-4067-8053-3dca8838fba4'), ('QT_ACCESSIBILITY', '1'), ('GDMSESSION', 'ubuntu'), ('LESSCLOSE', '/usr/bin/lesspipe %s %s'), ('GJS_DEBUG_OUTPUT', 'stderr'), ('QT_IM_MODULE', 'ibus'), ('PWD', '/home/adi/RosProjects/build/my_robot_interfaces'), ('LC_ALL', 'en_US.UTF-8'), ('XDG_CONFIG_DIRS', '/etc/xdg/xdg-ubuntu:/etc/xdg'), ('XDG_DATA_DIRS', '/usr/share/ubuntu:/usr/local/share/:/usr/share/:/var/lib/snapd/desktop'), ('PYTHONPATH', '/home/adi/RosProjects/install/my_py_pkg/lib/python3.10/site-packages:/home/adi/RosProjects/install/my_robot_interfaces/local/lib/python3.10/dist-packages:/home/adi/install/my_py_pkg/lib/python3.10/site-packages:/home/adi/install/my_robot_interfaces/local/lib/python3.10/dist-packages:/opt/ros/humble/lib/python3.10/site-packages:/opt/ros/humble/local/lib/python3.10/dist-packages'), ('COLCON', '1'), ('VTE_VERSION', '6800'), ('CMAKE_PREFIX_PATH', '/home/adi/RosProjects/install/my_robot_bringup:/home/adi/RosProjects/install/my_robot_interfaces:/home/adi/install/my_robot_bringup:/home/adi/install/my_robot_interfaces:/home/adi/install/my_cpp_pkg:/home/adi/RosProjects/install/my_py_pkg:/home/adi/install/my_py_pkg:/opt/ros/humble')]), 'shell': False}
[7.835192] (my_robot_interfaces) StdoutLine: {'line': b'-- Install configuration: ""\n'}
[7.835554] (my_robot_interfaces) StdoutLine: {'line': b'-- Installing: /home/adi/RosProjects/install/my_robot_interfaces/share/ament_index/resource_index/rosidl_interfaces/my_robot_interfaces\n'}
[7.835699] (my_robot_interfaces) StdoutLine: {'line': b'-- Installing: /home/adi/RosProjects/install/my_robot_interfaces/include/my_robot_interfaces/my_robot_interfaces\n'}
[7.835830] (my_robot_interfaces) StdoutLine: {'line': b'-- Installing: /home/adi/RosProjects/install/my_robot_interfaces/include/my_robot_interfaces/my_robot_interfaces/srv\n'}
[7.835966] (my_robot_interfaces) StdoutLine: {'line': b'-- Installing: /home/adi/RosProjects/install/my_robot_interfaces/include/my_robot_interfaces/my_robot_interfaces/srv/spawn_turtle.h\n'}
[7.836083] (my_robot_interfaces) StdoutLine: {'line': b'-- Installing: /home/adi/RosProjects/install/my_robot_interfaces/include/my_robot_interfaces/my_robot_interfaces/srv/detail\n'}
[7.836141] (my_robot_interfaces) StdoutLine: {'line': b'-- Installing: /home/adi/RosProjects/install/my_robot_interfaces/include/my_robot_interfaces/my_robot_interfaces/srv/detail/spawn_turtle__functions.c\n'}
[7.836322] (my_robot_interfaces) StdoutLine: {'line': b'-- Installing: /home/adi/RosProjects/install/my_robot_interfaces/include/my_robot_interfaces/my_robot_interfaces/srv/detail/compute_rectangle_area__type_support.h\n'}
[7.836453] (my_robot_interfaces) StdoutLine: {'line': b'-- Installing: /home/adi/RosProjects/install/my_robot_interfaces/include/my_robot_interfaces/my_robot_interfaces/srv/detail/spawn_turtle__struct.h\n'}
[7.836554] (my_robot_interfaces) StdoutLine: {'line': b'-- Installing: /home/adi/RosProjects/install/my_robot_interfaces/include/my_robot_interfaces/my_robot_interfaces/srv/detail/spawn_turtle__functions.h\n'}
[7.836622] (my_robot_interfaces) StdoutLine: {'line': b'-- Installing: /home/adi/RosProjects/install/my_robot_interfaces/include/my_robot_interfaces/my_robot_interfaces/srv/detail/set_led_status__functions.c\n'}
[7.836733] (my_robot_interfaces) StdoutLine: {'line': b'-- Installing: /home/adi/RosProjects/install/my_robot_interfaces/include/my_robot_interfaces/my_robot_interfaces/srv/detail/compute_rectangle_area__functions.c\n'}
[7.836797] (my_robot_interfaces) StdoutLine: {'line': b'-- Installing: /home/adi/RosProjects/install/my_robot_interfaces/include/my_robot_interfaces/my_robot_interfaces/srv/detail/set_led_status__functions.h\n'}
[7.836904] (my_robot_interfaces) StdoutLine: {'line': b'-- Installing: /home/adi/RosProjects/install/my_robot_interfaces/include/my_robot_interfaces/my_robot_interfaces/srv/detail/set_led_status__type_support.h\n'}
[7.836969] (my_robot_interfaces) StdoutLine: {'line': b'-- Installing: /home/adi/RosProjects/install/my_robot_interfaces/include/my_robot_interfaces/my_robot_interfaces/srv/detail/compute_rectangle_area__struct.h\n'}
[7.837072] (my_robot_interfaces) StdoutLine: {'line': b'-- Installing: /home/adi/RosProjects/install/my_robot_interfaces/include/my_robot_interfaces/my_robot_interfaces/srv/detail/compute_rectangle_area__functions.h\n'}
[7.837141] (my_robot_interfaces) StdoutLine: {'line': b'-- Installing: /home/adi/RosProjects/install/my_robot_interfaces/include/my_robot_interfaces/my_robot_interfaces/srv/detail/set_led_status__struct.h\n'}
[7.837246] (my_robot_interfaces) StdoutLine: {'line': b'-- Installing: /home/adi/RosProjects/install/my_robot_interfaces/include/my_robot_interfaces/my_robot_interfaces/srv/detail/spawn_turtle__type_support.h\n'}
[7.837336] (my_robot_interfaces) StdoutLine: {'line': b'-- Installing: /home/adi/RosProjects/install/my_robot_interfaces/include/my_robot_interfaces/my_robot_interfaces/srv/compute_rectangle_area.h\n'}
[7.837395] (my_robot_interfaces) StdoutLine: {'line': b'-- Installing: /home/adi/RosProjects/install/my_robot_interfaces/include/my_robot_interfaces/my_robot_interfaces/srv/set_led_status.h\n'}
[7.837501] (my_robot_interfaces) StdoutLine: {'line': b'-- Installing: /home/adi/RosProjects/install/my_robot_interfaces/include/my_robot_interfaces/my_robot_interfaces/action\n'}
[7.837560] (my_robot_interfaces) StdoutLine: {'line': b'-- Installing: /home/adi/RosProjects/install/my_robot_interfaces/include/my_robot_interfaces/my_robot_interfaces/action/detail\n'}
[7.837611] (my_robot_interfaces) StdoutLine: {'line': b'-- Installing: /home/adi/RosProjects/install/my_robot_interfaces/include/my_robot_interfaces/my_robot_interfaces/action/detail/predator_movement__type_support.h\n'}
[7.837703] (my_robot_interfaces) StdoutLine: {'line': b'-- Installing: /home/adi/RosProjects/install/my_robot_interfaces/include/my_robot_interfaces/my_robot_interfaces/action/detail/predator_movement__struct.h\n'}
[7.837775] (my_robot_interfaces) StdoutLine: {'line': b'-- Installing: /home/adi/RosProjects/install/my_robot_interfaces/include/my_robot_interfaces/my_robot_interfaces/action/detail/predator_movement__functions.c\n'}
[7.837886] (my_robot_interfaces) StdoutLine: {'line': b'-- Installing: /home/adi/RosProjects/install/my_robot_interfaces/include/my_robot_interfaces/my_robot_interfaces/action/detail/predator_movement__functions.h\n'}
[7.838009] (my_robot_interfaces) StdoutLine: {'line': b'-- Installing: /home/adi/RosProjects/install/my_robot_interfaces/include/my_robot_interfaces/my_robot_interfaces/action/predator_movement.h\n'}
[7.838141] (my_robot_interfaces) StdoutLine: {'line': b'-- Installing: /home/adi/RosProjects/install/my_robot_interfaces/include/my_robot_interfaces/my_robot_interfaces/msg\n'}
[7.838288] (my_robot_interfaces) StdoutLine: {'line': b'-- Installing: /home/adi/RosProjects/install/my_robot_interfaces/include/my_robot_interfaces/my_robot_interfaces/msg/battery_status.h\n'}
[7.838351] (my_robot_interfaces) StdoutLine: {'line': b'-- Installing: /home/adi/RosProjects/install/my_robot_interfaces/include/my_robot_interfaces/my_robot_interfaces/msg/hardware_status.h\n'}
[7.838463] (my_robot_interfaces) StdoutLine: {'line': b'-- Installing: /home/adi/RosProjects/install/my_robot_interfaces/include/my_robot_interfaces/my_robot_interfaces/msg/detail\n'}
[7.838532] (my_robot_interfaces) StdoutLine: {'line': b'-- Installing: /home/adi/RosProjects/install/my_robot_interfaces/include/my_robot_interfaces/my_robot_interfaces/msg/detail/battery_status__struct.h\n'}
[7.838584] (my_robot_interfaces) StdoutLine: {'line': b'-- Installing: /home/adi/RosProjects/install/my_robot_interfaces/include/my_robot_interfaces/my_robot_interfaces/msg/detail/battery_status__functions.h\n'}
[7.838684] (my_robot_interfaces) StdoutLine: {'line': b'-- Installing: /home/adi/RosProjects/install/my_robot_interfaces/include/my_robot_interfaces/my_robot_interfaces/msg/detail/battery_status__functions.c\n'}
[7.838739] (my_robot_interfaces) StdoutLine: {'line': b'-- Installing: /home/adi/RosProjects/install/my_robot_interfaces/include/my_robot_interfaces/my_robot_interfaces/msg/detail/hardware_status__functions.c\n'}
[7.838790] (my_robot_interfaces) StdoutLine: {'line': b'-- Installing: /home/adi/RosProjects/install/my_robot_interfaces/include/my_robot_interfaces/my_robot_interfaces/msg/detail/hardware_status__functions.h\n'}
[7.838882] (my_robot_interfaces) StdoutLine: {'line': b'-- Installing: /home/adi/RosProjects/install/my_robot_interfaces/include/my_robot_interfaces/my_robot_interfaces/msg/detail/battery_status__type_support.h\n'}
[7.838981] (my_robot_interfaces) StdoutLine: {'line': b'-- Installing: /home/adi/RosProjects/install/my_robot_interfaces/include/my_robot_interfaces/my_robot_interfaces/msg/detail/hardware_status__type_support.h\n'}
[7.839047] (my_robot_interfaces) StdoutLine: {'line': b'-- Installing: /home/adi/RosProjects/install/my_robot_interfaces/include/my_robot_interfaces/my_robot_interfaces/msg/detail/hardware_status__struct.h\n'}
[7.839169] (my_robot_interfaces) StdoutLine: {'line': b'-- Installing: /home/adi/RosProjects/install/my_robot_interfaces/include/my_robot_interfaces/my_robot_interfaces/msg/rosidl_generator_c__visibility_control.h\n'}
[7.839274] (my_robot_interfaces) StdoutLine: {'line': b'-- Installing: /home/adi/RosProjects/install/my_robot_interfaces/share/my_robot_interfaces/environment/library_path.sh\n'}
[7.839375] (my_robot_interfaces) StdoutLine: {'line': b'-- Installing: /home/adi/RosProjects/install/my_robot_interfaces/share/my_robot_interfaces/environment/library_path.dsv\n'}
[7.840081] (my_robot_interfaces) StdoutLine: {'line': b'-- Installing: /home/adi/RosProjects/install/my_robot_interfaces/lib/libmy_robot_interfaces__rosidl_generator_c.so\n'}
[7.840218] (my_robot_interfaces) StdoutLine: {'line': b'-- Set runtime path of "/home/adi/RosProjects/install/my_robot_interfaces/lib/libmy_robot_interfaces__rosidl_generator_c.so" to ""\n'}
[7.840326] (my_robot_interfaces) StdoutLine: {'line': b'-- Up-to-date: /home/adi/RosProjects/install/my_robot_interfaces/include/my_robot_interfaces/my_robot_interfaces\n'}
[7.840384] (my_robot_interfaces) StdoutLine: {'line': b'-- Up-to-date: /home/adi/RosProjects/install/my_robot_interfaces/include/my_robot_interfaces/my_robot_interfaces/srv\n'}
[7.840478] (my_robot_interfaces) StdoutLine: {'line': b'-- Up-to-date: /home/adi/RosProjects/install/my_robot_interfaces/include/my_robot_interfaces/my_robot_interfaces/srv/detail\n'}
[7.840553] (my_robot_interfaces) StdoutLine: {'line': b'-- Installing: /home/adi/RosProjects/install/my_robot_interfaces/include/my_robot_interfaces/my_robot_interfaces/srv/detail/set_led_status__rosidl_typesupport_fastrtps_c.h\n'}
[7.840611] (my_robot_interfaces) StdoutLine: {'line': b'-- Installing: /home/adi/RosProjects/install/my_robot_interfaces/include/my_robot_interfaces/my_robot_interfaces/srv/detail/compute_rectangle_area__rosidl_typesupport_fastrtps_c.h\n'}
[7.840664] (my_robot_interfaces) StdoutLine: {'line': b'-- Installing: /home/adi/RosProjects/install/my_robot_interfaces/include/my_robot_interfaces/my_robot_interfaces/srv/detail/spawn_turtle__rosidl_typesupport_fastrtps_c.h\n'}
[7.840714] (my_robot_interfaces) StdoutLine: {'line': b'-- Up-to-date: /home/adi/RosProjects/install/my_robot_interfaces/include/my_robot_interfaces/my_robot_interfaces/action\n'}
[7.840775] (my_robot_interfaces) StdoutLine: {'line': b'-- Up-to-date: /home/adi/RosProjects/install/my_robot_interfaces/include/my_robot_interfaces/my_robot_interfaces/action/detail\n'}
[7.840837] (my_robot_interfaces) StdoutLine: {'line': b'-- Installing: /home/adi/RosProjects/install/my_robot_interfaces/include/my_robot_interfaces/my_robot_interfaces/action/detail/predator_movement__rosidl_typesupport_fastrtps_c.h\n'}
[7.840970] (my_robot_interfaces) StdoutLine: {'line': b'-- Up-to-date: /home/adi/RosProjects/install/my_robot_interfaces/include/my_robot_interfaces/my_robot_interfaces/msg\n'}
[7.841031] (my_robot_interfaces) StdoutLine: {'line': b'-- Installing: /home/adi/RosProjects/install/my_robot_interfaces/include/my_robot_interfaces/my_robot_interfaces/msg/rosidl_typesupport_fastrtps_c__visibility_control.h\n'}
[7.841074] (my_robot_interfaces) StdoutLine: {'line': b'-- Up-to-date: /home/adi/RosProjects/install/my_robot_interfaces/include/my_robot_interfaces/my_robot_interfaces/msg/detail\n'}
[7.841118] (my_robot_interfaces) StdoutLine: {'line': b'-- Installing: /home/adi/RosProjects/install/my_robot_interfaces/include/my_robot_interfaces/my_robot_interfaces/msg/detail/battery_status__rosidl_typesupport_fastrtps_c.h\n'}
[7.841170] (my_robot_interfaces) StdoutLine: {'line': b'-- Installing: /home/adi/RosProjects/install/my_robot_interfaces/include/my_robot_interfaces/my_robot_interfaces/msg/detail/hardware_status__rosidl_typesupport_fastrtps_c.h\n'}
[7.841279] (my_robot_interfaces) StdoutLine: {'line': b'-- Installing: /home/adi/RosProjects/install/my_robot_interfaces/lib/libmy_robot_interfaces__rosidl_typesupport_fastrtps_c.so\n'}
[7.842055] (my_robot_interfaces) StdoutLine: {'line': b'-- Set runtime path of "/home/adi/RosProjects/install/my_robot_interfaces/lib/libmy_robot_interfaces__rosidl_typesupport_fastrtps_c.so" to ""\n'}
[7.842143] (my_robot_interfaces) StdoutLine: {'line': b'-- Up-to-date: /home/adi/RosProjects/install/my_robot_interfaces/include/my_robot_interfaces/my_robot_interfaces\n'}
[7.842243] (my_robot_interfaces) StdoutLine: {'line': b'-- Up-to-date: /home/adi/RosProjects/install/my_robot_interfaces/include/my_robot_interfaces/my_robot_interfaces/srv\n'}
[7.842349] (my_robot_interfaces) StdoutLine: {'line': b'-- Up-to-date: /home/adi/RosProjects/install/my_robot_interfaces/include/my_robot_interfaces/my_robot_interfaces/srv/detail\n'}
[7.842407] (my_robot_interfaces) StdoutLine: {'line': b'-- Installing: /home/adi/RosProjects/install/my_robot_interfaces/include/my_robot_interfaces/my_robot_interfaces/srv/detail/set_led_status__rosidl_typesupport_introspection_c.h\n'}
[7.842463] (my_robot_interfaces) StdoutLine: {'line': b'-- Installing: /home/adi/RosProjects/install/my_robot_interfaces/include/my_robot_interfaces/my_robot_interfaces/srv/detail/compute_rectangle_area__rosidl_typesupport_introspection_c.h\n'}
[7.842526] (my_robot_interfaces) StdoutLine: {'line': b'-- Installing: /home/adi/RosProjects/install/my_robot_interfaces/include/my_robot_interfaces/my_robot_interfaces/srv/detail/set_led_status__type_support.c\n'}
[7.842598] (my_robot_interfaces) StdoutLine: {'line': b'-- Installing: /home/adi/RosProjects/install/my_robot_interfaces/include/my_robot_interfaces/my_robot_interfaces/srv/detail/spawn_turtle__type_support.c\n'}
[7.842666] (my_robot_interfaces) StdoutLine: {'line': b'-- Installing: /home/adi/RosProjects/install/my_robot_interfaces/include/my_robot_interfaces/my_robot_interfaces/srv/detail/spawn_turtle__rosidl_typesupport_introspection_c.h\n'}
[7.842723] (my_robot_interfaces) StdoutLine: {'line': b'-- Installing: /home/adi/RosProjects/install/my_robot_interfaces/include/my_robot_interfaces/my_robot_interfaces/srv/detail/compute_rectangle_area__type_support.c\n'}
[7.842776] (my_robot_interfaces) StdoutLine: {'line': b'-- Up-to-date: /home/adi/RosProjects/install/my_robot_interfaces/include/my_robot_interfaces/my_robot_interfaces/action\n'}
[7.842826] (my_robot_interfaces) StdoutLine: {'line': b'-- Up-to-date: /home/adi/RosProjects/install/my_robot_interfaces/include/my_robot_interfaces/my_robot_interfaces/action/detail\n'}
[7.842884] (my_robot_interfaces) StdoutLine: {'line': b'-- Installing: /home/adi/RosProjects/install/my_robot_interfaces/include/my_robot_interfaces/my_robot_interfaces/action/detail/predator_movement__rosidl_typesupport_introspection_c.h\n'}
[7.844218] (my_robot_interfaces) StdoutLine: {'line': b'-- Installing: /home/adi/RosProjects/install/my_robot_interfaces/include/my_robot_interfaces/my_robot_interfaces/action/detail/predator_movement__type_support.c\n'}
[7.844335] (my_robot_interfaces) StdoutLine: {'line': b'-- Up-to-date: /home/adi/RosProjects/install/my_robot_interfaces/include/my_robot_interfaces/my_robot_interfaces/msg\n'}
[7.844393] (my_robot_interfaces) StdoutLine: {'line': b'-- Installing: /home/adi/RosProjects/install/my_robot_interfaces/include/my_robot_interfaces/my_robot_interfaces/msg/rosidl_typesupport_introspection_c__visibility_control.h\n'}
[7.844454] (my_robot_interfaces) StdoutLine: {'line': b'-- Up-to-date: /home/adi/RosProjects/install/my_robot_interfaces/include/my_robot_interfaces/my_robot_interfaces/msg/detail\n'}
[7.844532] (my_robot_interfaces) StdoutLine: {'line': b'-- Installing: /home/adi/RosProjects/install/my_robot_interfaces/include/my_robot_interfaces/my_robot_interfaces/msg/detail/hardware_status__type_support.c\n'}
[7.844602] (my_robot_interfaces) StdoutLine: {'line': b'-- Installing: /home/adi/RosProjects/install/my_robot_interfaces/include/my_robot_interfaces/my_robot_interfaces/msg/detail/battery_status__type_support.c\n'}
[7.844661] (my_robot_interfaces) StdoutLine: {'line': b'-- Installing: /home/adi/RosProjects/install/my_robot_interfaces/include/my_robot_interfaces/my_robot_interfaces/msg/detail/battery_status__rosidl_typesupport_introspection_c.h\n'}
[7.844719] (my_robot_interfaces) StdoutLine: {'line': b'-- Installing: /home/adi/RosProjects/install/my_robot_interfaces/include/my_robot_interfaces/my_robot_interfaces/msg/detail/hardware_status__rosidl_typesupport_introspection_c.h\n'}
[7.844771] (my_robot_interfaces) StdoutLine: {'line': b'-- Installing: /home/adi/RosProjects/install/my_robot_interfaces/lib/libmy_robot_interfaces__rosidl_typesupport_introspection_c.so\n'}
[7.844824] (my_robot_interfaces) StdoutLine: {'line': b'-- Set runtime path of "/home/adi/RosProjects/install/my_robot_interfaces/lib/libmy_robot_interfaces__rosidl_typesupport_introspection_c.so" to ""\n'}
[7.844878] (my_robot_interfaces) StdoutLine: {'line': b'-- Installing: /home/adi/RosProjects/install/my_robot_interfaces/lib/libmy_robot_interfaces__rosidl_typesupport_c.so\n'}
[7.844929] (my_robot_interfaces) StdoutLine: {'line': b'-- Set runtime path of "/home/adi/RosProjects/install/my_robot_interfaces/lib/libmy_robot_interfaces__rosidl_typesupport_c.so" to ""\n'}
[7.845027] (my_robot_interfaces) StdoutLine: {'line': b'-- Up-to-date: /home/adi/RosProjects/install/my_robot_interfaces/include/my_robot_interfaces/my_robot_interfaces\n'}
[7.845089] (my_robot_interfaces) StdoutLine: {'line': b'-- Up-to-date: /home/adi/RosProjects/install/my_robot_interfaces/include/my_robot_interfaces/my_robot_interfaces/srv\n'}
[7.845143] (my_robot_interfaces) StdoutLine: {'line': b'-- Installing: /home/adi/RosProjects/install/my_robot_interfaces/include/my_robot_interfaces/my_robot_interfaces/srv/compute_rectangle_area.hpp\n'}
[7.846067] (my_robot_interfaces) StdoutLine: {'line': b'-- Installing: /home/adi/RosProjects/install/my_robot_interfaces/include/my_robot_interfaces/my_robot_interfaces/srv/spawn_turtle.hpp\n'}
[7.846289] (my_robot_interfaces) StdoutLine: {'line': b'-- Up-to-date: /home/adi/RosProjects/install/my_robot_interfaces/include/my_robot_interfaces/my_robot_interfaces/srv/detail\n'}
[7.846898] (my_robot_interfaces) StdoutLine: {'line': b'-- Installing: /home/adi/RosProjects/install/my_robot_interfaces/include/my_robot_interfaces/my_robot_interfaces/srv/detail/compute_rectangle_area__traits.hpp\n'}
[7.846959] (my_robot_interfaces) StdoutLine: {'line': b'-- Installing: /home/adi/RosProjects/install/my_robot_interfaces/include/my_robot_interfaces/my_robot_interfaces/srv/detail/set_led_status__builder.hpp\n'}
[7.848168] (my_robot_interfaces) StdoutLine: {'line': b'-- Installing: /home/adi/RosProjects/install/my_robot_interfaces/include/my_robot_interfaces/my_robot_interfaces/srv/detail/set_led_status__type_support.hpp\n'}
[7.848887] (my_robot_interfaces) StdoutLine: {'line': b'-- Installing: /home/adi/RosProjects/install/my_robot_interfaces/include/my_robot_interfaces/my_robot_interfaces/srv/detail/compute_rectangle_area__type_support.hpp\n'}
[7.849105] (my_robot_interfaces) StdoutLine: {'line': b'-- Installing: /home/adi/RosProjects/install/my_robot_interfaces/include/my_robot_interfaces/my_robot_interfaces/srv/detail/compute_rectangle_area__builder.hpp\n'}
[7.849234] (my_robot_interfaces) StdoutLine: {'line': b'-- Installing: /home/adi/RosProjects/install/my_robot_interfaces/include/my_robot_interfaces/my_robot_interfaces/srv/detail/spawn_turtle__builder.hpp\n'}
[7.849323] (my_robot_interfaces) StdoutLine: {'line': b'-- Installing: /home/adi/RosProjects/install/my_robot_interfaces/include/my_robot_interfaces/my_robot_interfaces/srv/detail/set_led_status__traits.hpp\n'}
[7.849382] (my_robot_interfaces) StdoutLine: {'line': b'-- Installing: /home/adi/RosProjects/install/my_robot_interfaces/include/my_robot_interfaces/my_robot_interfaces/srv/detail/spawn_turtle__type_support.hpp\n'}
[7.849435] (my_robot_interfaces) StdoutLine: {'line': b'-- Installing: /home/adi/RosProjects/install/my_robot_interfaces/include/my_robot_interfaces/my_robot_interfaces/srv/detail/spawn_turtle__struct.hpp\n'}
[7.849496] (my_robot_interfaces) StdoutLine: {'line': b'-- Installing: /home/adi/RosProjects/install/my_robot_interfaces/include/my_robot_interfaces/my_robot_interfaces/srv/detail/set_led_status__struct.hpp\n'}
[7.849571] (my_robot_interfaces) StdoutLine: {'line': b'-- Installing: /home/adi/RosProjects/install/my_robot_interfaces/include/my_robot_interfaces/my_robot_interfaces/srv/detail/spawn_turtle__traits.hpp\n'}
[7.849641] (my_robot_interfaces) StdoutLine: {'line': b'-- Installing: /home/adi/RosProjects/install/my_robot_interfaces/include/my_robot_interfaces/my_robot_interfaces/srv/detail/compute_rectangle_area__struct.hpp\n'}
[7.849698] (my_robot_interfaces) StdoutLine: {'line': b'-- Installing: /home/adi/RosProjects/install/my_robot_interfaces/include/my_robot_interfaces/my_robot_interfaces/srv/set_led_status.hpp\n'}
[7.849773] (my_robot_interfaces) StdoutLine: {'line': b'-- Up-to-date: /home/adi/RosProjects/install/my_robot_interfaces/include/my_robot_interfaces/my_robot_interfaces/action\n'}
[7.849827] (my_robot_interfaces) StdoutLine: {'line': b'-- Up-to-date: /home/adi/RosProjects/install/my_robot_interfaces/include/my_robot_interfaces/my_robot_interfaces/action/detail\n'}
[7.849880] (my_robot_interfaces) StdoutLine: {'line': b'-- Installing: /home/adi/RosProjects/install/my_robot_interfaces/include/my_robot_interfaces/my_robot_interfaces/action/detail/predator_movement__struct.hpp\n'}
[7.849991] (my_robot_interfaces) StdoutLine: {'line': b'-- Installing: /home/adi/RosProjects/install/my_robot_interfaces/include/my_robot_interfaces/my_robot_interfaces/action/detail/predator_movement__traits.hpp\n'}
[7.850087] (my_robot_interfaces) StdoutLine: {'line': b'-- Installing: /home/adi/RosProjects/install/my_robot_interfaces/include/my_robot_interfaces/my_robot_interfaces/action/detail/predator_movement__builder.hpp\n'}
[7.850147] (my_robot_interfaces) StdoutLine: {'line': b'-- Installing: /home/adi/RosProjects/install/my_robot_interfaces/include/my_robot_interfaces/my_robot_interfaces/action/detail/predator_movement__type_support.hpp\n'}
[7.850247] (my_robot_interfaces) StdoutLine: {'line': b'-- Installing: /home/adi/RosProjects/install/my_robot_interfaces/include/my_robot_interfaces/my_robot_interfaces/action/predator_movement.hpp\n'}
[7.850313] (my_robot_interfaces) StdoutLine: {'line': b'-- Up-to-date: /home/adi/RosProjects/install/my_robot_interfaces/include/my_robot_interfaces/my_robot_interfaces/msg\n'}
[7.850380] (my_robot_interfaces) StdoutLine: {'line': b'-- Up-to-date: /home/adi/RosProjects/install/my_robot_interfaces/include/my_robot_interfaces/my_robot_interfaces/msg/detail\n'}
[7.850447] (my_robot_interfaces) StdoutLine: {'line': b'-- Installing: /home/adi/RosProjects/install/my_robot_interfaces/include/my_robot_interfaces/my_robot_interfaces/msg/detail/hardware_status__traits.hpp\n'}
[7.850502] (my_robot_interfaces) StdoutLine: {'line': b'-- Installing: /home/adi/RosProjects/install/my_robot_interfaces/include/my_robot_interfaces/my_robot_interfaces/msg/detail/battery_status__type_support.hpp\n'}
[7.850553] (my_robot_interfaces) StdoutLine: {'line': b'-- Installing: /home/adi/RosProjects/install/my_robot_interfaces/include/my_robot_interfaces/my_robot_interfaces/msg/detail/battery_status__traits.hpp\n'}
[7.850607] (my_robot_interfaces) StdoutLine: {'line': b'-- Installing: /home/adi/RosProjects/install/my_robot_interfaces/include/my_robot_interfaces/my_robot_interfaces/msg/detail/hardware_status__type_support.hpp\n'}
[7.850683] (my_robot_interfaces) StdoutLine: {'line': b'-- Installing: /home/adi/RosProjects/install/my_robot_interfaces/include/my_robot_interfaces/my_robot_interfaces/msg/detail/battery_status__struct.hpp\n'}
[7.850746] (my_robot_interfaces) StdoutLine: {'line': b'-- Installing: /home/adi/RosProjects/install/my_robot_interfaces/include/my_robot_interfaces/my_robot_interfaces/msg/detail/battery_status__builder.hpp\n'}
[7.850803] (my_robot_interfaces) StdoutLine: {'line': b'-- Installing: /home/adi/RosProjects/install/my_robot_interfaces/include/my_robot_interfaces/my_robot_interfaces/msg/detail/hardware_status__struct.hpp\n'}
[7.850858] (my_robot_interfaces) StdoutLine: {'line': b'-- Installing: /home/adi/RosProjects/install/my_robot_interfaces/include/my_robot_interfaces/my_robot_interfaces/msg/detail/hardware_status__builder.hpp\n'}
[7.850911] (my_robot_interfaces) StdoutLine: {'line': b'-- Installing: /home/adi/RosProjects/install/my_robot_interfaces/include/my_robot_interfaces/my_robot_interfaces/msg/battery_status.hpp\n'}
[7.850967] (my_robot_interfaces) StdoutLine: {'line': b'-- Installing: /home/adi/RosProjects/install/my_robot_interfaces/include/my_robot_interfaces/my_robot_interfaces/msg/hardware_status.hpp\n'}
[7.851022] (my_robot_interfaces) StdoutLine: {'line': b'-- Installing: /home/adi/RosProjects/install/my_robot_interfaces/include/my_robot_interfaces/my_robot_interfaces/msg/rosidl_generator_cpp__visibility_control.hpp\n'}
[7.851239] (my_robot_interfaces) StdoutLine: {'line': b'-- Up-to-date: /home/adi/RosProjects/install/my_robot_interfaces/include/my_robot_interfaces/my_robot_interfaces\n'}
[7.851305] (my_robot_interfaces) StdoutLine: {'line': b'-- Up-to-date: /home/adi/RosProjects/install/my_robot_interfaces/include/my_robot_interfaces/my_robot_interfaces/srv\n'}
[7.851350] (my_robot_interfaces) StdoutLine: {'line': b'-- Up-to-date: /home/adi/RosProjects/install/my_robot_interfaces/include/my_robot_interfaces/my_robot_interfaces/srv/detail\n'}
[7.851456] (my_robot_interfaces) StdoutLine: {'line': b'-- Installing: /home/adi/RosProjects/install/my_robot_interfaces/include/my_robot_interfaces/my_robot_interfaces/srv/detail/spawn_turtle__rosidl_typesupport_fastrtps_cpp.hpp\n'}
[7.851527] (my_robot_interfaces) StdoutLine: {'line': b'-- Installing: /home/adi/RosProjects/install/my_robot_interfaces/include/my_robot_interfaces/my_robot_interfaces/srv/detail/dds_fastrtps\n'}
[7.851583] (my_robot_interfaces) StdoutLine: {'line': b'-- Installing: /home/adi/RosProjects/install/my_robot_interfaces/include/my_robot_interfaces/my_robot_interfaces/srv/detail/set_led_status__rosidl_typesupport_fastrtps_cpp.hpp\n'}
[7.851635] (my_robot_interfaces) StdoutLine: {'line': b'-- Installing: /home/adi/RosProjects/install/my_robot_interfaces/include/my_robot_interfaces/my_robot_interfaces/srv/detail/compute_rectangle_area__rosidl_typesupport_fastrtps_cpp.hpp\n'}
[7.851690] (my_robot_interfaces) StdoutLine: {'line': b'-- Up-to-date: /home/adi/RosProjects/install/my_robot_interfaces/include/my_robot_interfaces/my_robot_interfaces/action\n'}
[7.851748] (my_robot_interfaces) StdoutLine: {'line': b'-- Up-to-date: /home/adi/RosProjects/install/my_robot_interfaces/include/my_robot_interfaces/my_robot_interfaces/action/detail\n'}
[7.851814] (my_robot_interfaces) StdoutLine: {'line': b'-- Installing: /home/adi/RosProjects/install/my_robot_interfaces/include/my_robot_interfaces/my_robot_interfaces/action/detail/predator_movement__rosidl_typesupport_fastrtps_cpp.hpp\n'}
[7.851870] (my_robot_interfaces) StdoutLine: {'line': b'-- Installing: /home/adi/RosProjects/install/my_robot_interfaces/include/my_robot_interfaces/my_robot_interfaces/action/detail/dds_fastrtps\n'}
[7.851927] (my_robot_interfaces) StdoutLine: {'line': b'-- Up-to-date: /home/adi/RosProjects/install/my_robot_interfaces/include/my_robot_interfaces/my_robot_interfaces/msg\n'}
[7.851981] (my_robot_interfaces) StdoutLine: {'line': b'-- Up-to-date: /home/adi/RosProjects/install/my_robot_interfaces/include/my_robot_interfaces/my_robot_interfaces/msg/detail\n'}
[7.852049] (my_robot_interfaces) StdoutLine: {'line': b'-- Installing: /home/adi/RosProjects/install/my_robot_interfaces/include/my_robot_interfaces/my_robot_interfaces/msg/detail/dds_fastrtps\n'}
[7.852099] (my_robot_interfaces) StdoutLine: {'line': b'-- Installing: /home/adi/RosProjects/install/my_robot_interfaces/include/my_robot_interfaces/my_robot_interfaces/msg/detail/battery_status__rosidl_typesupport_fastrtps_cpp.hpp\n'}
[7.852161] (my_robot_interfaces) StdoutLine: {'line': b'-- Installing: /home/adi/RosProjects/install/my_robot_interfaces/include/my_robot_interfaces/my_robot_interfaces/msg/detail/hardware_status__rosidl_typesupport_fastrtps_cpp.hpp\n'}
[7.852273] (my_robot_interfaces) StdoutLine: {'line': b'-- Installing: /home/adi/RosProjects/install/my_robot_interfaces/include/my_robot_interfaces/my_robot_interfaces/msg/rosidl_typesupport_fastrtps_cpp__visibility_control.h\n'}
[7.852335] (my_robot_interfaces) StdoutLine: {'line': b'-- Installing: /home/adi/RosProjects/install/my_robot_interfaces/lib/libmy_robot_interfaces__rosidl_typesupport_fastrtps_cpp.so\n'}
[7.852389] (my_robot_interfaces) StdoutLine: {'line': b'-- Set runtime path of "/home/adi/RosProjects/install/my_robot_interfaces/lib/libmy_robot_interfaces__rosidl_typesupport_fastrtps_cpp.so" to ""\n'}
[7.852511] (my_robot_interfaces) StdoutLine: {'line': b'-- Up-to-date: /home/adi/RosProjects/install/my_robot_interfaces/include/my_robot_interfaces/my_robot_interfaces\n'}
[7.852568] (my_robot_interfaces) StdoutLine: {'line': b'-- Up-to-date: /home/adi/RosProjects/install/my_robot_interfaces/include/my_robot_interfaces/my_robot_interfaces/srv\n'}
[7.852620] (my_robot_interfaces) StdoutLine: {'line': b'-- Up-to-date: /home/adi/RosProjects/install/my_robot_interfaces/include/my_robot_interfaces/my_robot_interfaces/srv/detail\n'}
[7.852673] (my_robot_interfaces) StdoutLine: {'line': b'-- Installing: /home/adi/RosProjects/install/my_robot_interfaces/include/my_robot_interfaces/my_robot_interfaces/srv/detail/compute_rectangle_area__type_support.cpp\n'}
[7.852726] (my_robot_interfaces) StdoutLine: {'line': b'-- Installing: /home/adi/RosProjects/install/my_robot_interfaces/include/my_robot_interfaces/my_robot_interfaces/srv/detail/set_led_status__rosidl_typesupport_introspection_cpp.hpp\n'}
[7.852784] (my_robot_interfaces) StdoutLine: {'line': b'-- Installing: /home/adi/RosProjects/install/my_robot_interfaces/include/my_robot_interfaces/my_robot_interfaces/srv/detail/set_led_status__type_support.cpp\n'}
[7.852841] (my_robot_interfaces) StdoutLine: {'line': b'-- Installing: /home/adi/RosProjects/install/my_robot_interfaces/include/my_robot_interfaces/my_robot_interfaces/srv/detail/spawn_turtle__rosidl_typesupport_introspection_cpp.hpp\n'}
[7.852894] (my_robot_interfaces) StdoutLine: {'line': b'-- Installing: /home/adi/RosProjects/install/my_robot_interfaces/include/my_robot_interfaces/my_robot_interfaces/srv/detail/spawn_turtle__type_support.cpp\n'}
[7.852947] (my_robot_interfaces) StdoutLine: {'line': b'-- Installing: /home/adi/RosProjects/install/my_robot_interfaces/include/my_robot_interfaces/my_robot_interfaces/srv/detail/compute_rectangle_area__rosidl_typesupport_introspection_cpp.hpp\n'}
[7.853074] (my_robot_interfaces) StdoutLine: {'line': b'-- Up-to-date: /home/adi/RosProjects/install/my_robot_interfaces/include/my_robot_interfaces/my_robot_interfaces/action\n'}
[7.853123] (my_robot_interfaces) StdoutLine: {'line': b'-- Up-to-date: /home/adi/RosProjects/install/my_robot_interfaces/include/my_robot_interfaces/my_robot_interfaces/action/detail\n'}
[7.853219] (my_robot_interfaces) StdoutLine: {'line': b'-- Installing: /home/adi/RosProjects/install/my_robot_interfaces/include/my_robot_interfaces/my_robot_interfaces/action/detail/predator_movement__type_support.cpp\n'}
[7.853296] (my_robot_interfaces) StdoutLine: {'line': b'-- Installing: /home/adi/RosProjects/install/my_robot_interfaces/include/my_robot_interfaces/my_robot_interfaces/action/detail/predator_movement__rosidl_typesupport_introspection_cpp.hpp\n'}
[7.853354] (my_robot_interfaces) StdoutLine: {'line': b'-- Up-to-date: /home/adi/RosProjects/install/my_robot_interfaces/include/my_robot_interfaces/my_robot_interfaces/msg\n'}
[7.853409] (my_robot_interfaces) StdoutLine: {'line': b'-- Up-to-date: /home/adi/RosProjects/install/my_robot_interfaces/include/my_robot_interfaces/my_robot_interfaces/msg/detail\n'}
[7.853491] (my_robot_interfaces) StdoutLine: {'line': b'-- Installing: /home/adi/RosProjects/install/my_robot_interfaces/include/my_robot_interfaces/my_robot_interfaces/msg/detail/battery_status__rosidl_typesupport_introspection_cpp.hpp\n'}
[7.853569] (my_robot_interfaces) StdoutLine: {'line': b'-- Installing: /home/adi/RosProjects/install/my_robot_interfaces/include/my_robot_interfaces/my_robot_interfaces/msg/detail/hardware_status__rosidl_typesupport_introspection_cpp.hpp\n'}
[7.853630] (my_robot_interfaces) StdoutLine: {'line': b'-- Installing: /home/adi/RosProjects/install/my_robot_interfaces/include/my_robot_interfaces/my_robot_interfaces/msg/detail/hardware_status__type_support.cpp\n'}
[7.853684] (my_robot_interfaces) StdoutLine: {'line': b'-- Installing: /home/adi/RosProjects/install/my_robot_interfaces/include/my_robot_interfaces/my_robot_interfaces/msg/detail/battery_status__type_support.cpp\n'}
[7.853737] (my_robot_interfaces) StdoutLine: {'line': b'-- Installing: /home/adi/RosProjects/install/my_robot_interfaces/lib/libmy_robot_interfaces__rosidl_typesupport_introspection_cpp.so\n'}
[7.853790] (my_robot_interfaces) StdoutLine: {'line': b'-- Set runtime path of "/home/adi/RosProjects/install/my_robot_interfaces/lib/libmy_robot_interfaces__rosidl_typesupport_introspection_cpp.so" to ""\n'}
[7.853843] (my_robot_interfaces) StdoutLine: {'line': b'-- Installing: /home/adi/RosProjects/install/my_robot_interfaces/lib/libmy_robot_interfaces__rosidl_typesupport_cpp.so\n'}
[7.853905] (my_robot_interfaces) StdoutLine: {'line': b'-- Set runtime path of "/home/adi/RosProjects/install/my_robot_interfaces/lib/libmy_robot_interfaces__rosidl_typesupport_cpp.so" to ""\n'}
[7.853959] (my_robot_interfaces) StdoutLine: {'line': b'-- Installing: /home/adi/RosProjects/install/my_robot_interfaces/share/my_robot_interfaces/environment/pythonpath.sh\n'}
[7.854009] (my_robot_interfaces) StdoutLine: {'line': b'-- Installing: /home/adi/RosProjects/install/my_robot_interfaces/share/my_robot_interfaces/environment/pythonpath.dsv\n'}
[7.854062] (my_robot_interfaces) StdoutLine: {'line': b'-- Installing: /home/adi/RosProjects/install/my_robot_interfaces/local/lib/python3.10/dist-packages/my_robot_interfaces-0.0.0-py3.10.egg-info\n'}
[7.854114] (my_robot_interfaces) StdoutLine: {'line': b'-- Installing: /home/adi/RosProjects/install/my_robot_interfaces/local/lib/python3.10/dist-packages/my_robot_interfaces-0.0.0-py3.10.egg-info/dependency_links.txt\n'}
[7.854164] (my_robot_interfaces) StdoutLine: {'line': b'-- Installing: /home/adi/RosProjects/install/my_robot_interfaces/local/lib/python3.10/dist-packages/my_robot_interfaces-0.0.0-py3.10.egg-info/SOURCES.txt\n'}
[7.854313] (my_robot_interfaces) StdoutLine: {'line': b'-- Installing: /home/adi/RosProjects/install/my_robot_interfaces/local/lib/python3.10/dist-packages/my_robot_interfaces-0.0.0-py3.10.egg-info/top_level.txt\n'}
[7.854380] (my_robot_interfaces) StdoutLine: {'line': b'-- Installing: /home/adi/RosProjects/install/my_robot_interfaces/local/lib/python3.10/dist-packages/my_robot_interfaces-0.0.0-py3.10.egg-info/PKG-INFO\n'}
[7.854439] (my_robot_interfaces) StdoutLine: {'line': b'-- Installing: /home/adi/RosProjects/install/my_robot_interfaces/local/lib/python3.10/dist-packages/my_robot_interfaces\n'}
[7.854495] (my_robot_interfaces) StdoutLine: {'line': b'-- Installing: /home/adi/RosProjects/install/my_robot_interfaces/local/lib/python3.10/dist-packages/my_robot_interfaces/srv\n'}
[7.854551] (my_robot_interfaces) StdoutLine: {'line': b'-- Installing: /home/adi/RosProjects/install/my_robot_interfaces/local/lib/python3.10/dist-packages/my_robot_interfaces/srv/__init__.py\n'}
[7.854605] (my_robot_interfaces) StdoutLine: {'line': b'-- Installing: /home/adi/RosProjects/install/my_robot_interfaces/local/lib/python3.10/dist-packages/my_robot_interfaces/srv/_set_led_status.py\n'}
[7.854658] (my_robot_interfaces) StdoutLine: {'line': b'-- Installing: /home/adi/RosProjects/install/my_robot_interfaces/local/lib/python3.10/dist-packages/my_robot_interfaces/srv/_spawn_turtle.py\n'}
[7.854709] (my_robot_interfaces) StdoutLine: {'line': b'-- Installing: /home/adi/RosProjects/install/my_robot_interfaces/local/lib/python3.10/dist-packages/my_robot_interfaces/srv/_set_led_status_s.c\n'}
[7.854771] (my_robot_interfaces) StdoutLine: {'line': b'-- Installing: /home/adi/RosProjects/install/my_robot_interfaces/local/lib/python3.10/dist-packages/my_robot_interfaces/srv/_spawn_turtle_s.c\n'}
[7.854832] (my_robot_interfaces) StdoutLine: {'line': b'-- Installing: /home/adi/RosProjects/install/my_robot_interfaces/local/lib/python3.10/dist-packages/my_robot_interfaces/srv/_compute_rectangle_area_s.c\n'}
[7.854894] (my_robot_interfaces) StdoutLine: {'line': b'-- Installing: /home/adi/RosProjects/install/my_robot_interfaces/local/lib/python3.10/dist-packages/my_robot_interfaces/srv/_compute_rectangle_area.py\n'}
[7.854948] (my_robot_interfaces) StdoutLine: {'line': b'-- Installing: /home/adi/RosProjects/install/my_robot_interfaces/local/lib/python3.10/dist-packages/my_robot_interfaces/__init__.py\n'}
[7.854999] (my_robot_interfaces) StdoutLine: {'line': b'-- Installing: /home/adi/RosProjects/install/my_robot_interfaces/local/lib/python3.10/dist-packages/my_robot_interfaces/action\n'}
[7.855052] (my_robot_interfaces) StdoutLine: {'line': b'-- Installing: /home/adi/RosProjects/install/my_robot_interfaces/local/lib/python3.10/dist-packages/my_robot_interfaces/action/__init__.py\n'}
[7.855116] (my_robot_interfaces) StdoutLine: {'line': b'-- Installing: /home/adi/RosProjects/install/my_robot_interfaces/local/lib/python3.10/dist-packages/my_robot_interfaces/action/_predator_movement_s.c\n'}
[7.855171] (my_robot_interfaces) StdoutLine: {'line': b'-- Installing: /home/adi/RosProjects/install/my_robot_interfaces/local/lib/python3.10/dist-packages/my_robot_interfaces/action/_predator_movement.py\n'}
[7.855346] (my_robot_interfaces) StdoutLine: {'line': b'-- Installing: /home/adi/RosProjects/install/my_robot_interfaces/local/lib/python3.10/dist-packages/my_robot_interfaces/libmy_robot_interfaces__rosidl_generator_py.so\n'}
[7.855391] (my_robot_interfaces) StdoutLine: {'line': b'-- Installing: /home/adi/RosProjects/install/my_robot_interfaces/local/lib/python3.10/dist-packages/my_robot_interfaces/my_robot_interfaces_s__rosidl_typesupport_c.cpython-310-x86_64-linux-gnu.so\n'}
[7.855434] (my_robot_interfaces) StdoutLine: {'line': b'-- Installing: /home/adi/RosProjects/install/my_robot_interfaces/local/lib/python3.10/dist-packages/my_robot_interfaces/my_robot_interfaces_s__rosidl_typesupport_fastrtps_c.cpython-310-x86_64-linux-gnu.so\n'}
[7.855477] (my_robot_interfaces) StdoutLine: {'line': b'-- Installing: /home/adi/RosProjects/install/my_robot_interfaces/local/lib/python3.10/dist-packages/my_robot_interfaces/_my_robot_interfaces_s.ep.rosidl_typesupport_c.c\n'}
[7.855519] (my_robot_interfaces) StdoutLine: {'line': b'-- Installing: /home/adi/RosProjects/install/my_robot_interfaces/local/lib/python3.10/dist-packages/my_robot_interfaces/_my_robot_interfaces_s.ep.rosidl_typesupport_fastrtps_c.c\n'}
[7.855567] (my_robot_interfaces) StdoutLine: {'line': b'-- Installing: /home/adi/RosProjects/install/my_robot_interfaces/local/lib/python3.10/dist-packages/my_robot_interfaces/my_robot_interfaces_s__rosidl_typesupport_introspection_c.cpython-310-x86_64-linux-gnu.so\n'}
[7.855610] (my_robot_interfaces) StdoutLine: {'line': b'-- Installing: /home/adi/RosProjects/install/my_robot_interfaces/local/lib/python3.10/dist-packages/my_robot_interfaces/msg\n'}
[7.855651] (my_robot_interfaces) StdoutLine: {'line': b'-- Installing: /home/adi/RosProjects/install/my_robot_interfaces/local/lib/python3.10/dist-packages/my_robot_interfaces/msg/__init__.py\n'}
[7.855713] (my_robot_interfaces) StdoutLine: {'line': b'-- Installing: /home/adi/RosProjects/install/my_robot_interfaces/local/lib/python3.10/dist-packages/my_robot_interfaces/msg/_hardware_status.py\n'}
[7.855756] (my_robot_interfaces) StdoutLine: {'line': b'-- Installing: /home/adi/RosProjects/install/my_robot_interfaces/local/lib/python3.10/dist-packages/my_robot_interfaces/msg/_battery_status.py\n'}
[7.855812] (my_robot_interfaces) StdoutLine: {'line': b'-- Installing: /home/adi/RosProjects/install/my_robot_interfaces/local/lib/python3.10/dist-packages/my_robot_interfaces/msg/_battery_status_s.c\n'}
[7.855853] (my_robot_interfaces) StdoutLine: {'line': b'-- Installing: /home/adi/RosProjects/install/my_robot_interfaces/local/lib/python3.10/dist-packages/my_robot_interfaces/msg/_hardware_status_s.c\n'}
[7.855895] (my_robot_interfaces) StdoutLine: {'line': b'-- Installing: /home/adi/RosProjects/install/my_robot_interfaces/local/lib/python3.10/dist-packages/my_robot_interfaces/_my_robot_interfaces_s.ep.rosidl_typesupport_introspection_c.c\n'}
[7.874839] (-) TimerEvent: {}
[7.913506] (my_robot_interfaces) StdoutLine: {'line': b"Listing '/home/adi/RosProjects/install/my_robot_interfaces/local/lib/python3.10/dist-packages/my_robot_interfaces'...\n"}
[7.913699] (my_robot_interfaces) StdoutLine: {'line': b"Compiling '/home/adi/RosProjects/install/my_robot_interfaces/local/lib/python3.10/dist-packages/my_robot_interfaces/__init__.py'...\n"}
[7.913818] (my_robot_interfaces) StdoutLine: {'line': b"Listing '/home/adi/RosProjects/install/my_robot_interfaces/local/lib/python3.10/dist-packages/my_robot_interfaces/action'...\n"}
[7.913898] (my_robot_interfaces) StdoutLine: {'line': b"Compiling '/home/adi/RosProjects/install/my_robot_interfaces/local/lib/python3.10/dist-packages/my_robot_interfaces/action/__init__.py'...\n"}
[7.913964] (my_robot_interfaces) StdoutLine: {'line': b"Compiling '/home/adi/RosProjects/install/my_robot_interfaces/local/lib/python3.10/dist-packages/my_robot_interfaces/action/_predator_movement.py'...\n"}
[7.914017] (my_robot_interfaces) StdoutLine: {'line': b"Listing '/home/adi/RosProjects/install/my_robot_interfaces/local/lib/python3.10/dist-packages/my_robot_interfaces/msg'...\n"}
[7.914061] (my_robot_interfaces) StdoutLine: {'line': b"Compiling '/home/adi/RosProjects/install/my_robot_interfaces/local/lib/python3.10/dist-packages/my_robot_interfaces/msg/__init__.py'...\n"}
[7.914106] (my_robot_interfaces) StdoutLine: {'line': b"Compiling '/home/adi/RosProjects/install/my_robot_interfaces/local/lib/python3.10/dist-packages/my_robot_interfaces/msg/_battery_status.py'...\n"}
[7.914158] (my_robot_interfaces) StdoutLine: {'line': b"Compiling '/home/adi/RosProjects/install/my_robot_interfaces/local/lib/python3.10/dist-packages/my_robot_interfaces/msg/_hardware_status.py'...\n"}
[7.914204] (my_robot_interfaces) StdoutLine: {'line': b"Listing '/home/adi/RosProjects/install/my_robot_interfaces/local/lib/python3.10/dist-packages/my_robot_interfaces/srv'...\n"}
[7.914248] (my_robot_interfaces) StdoutLine: {'line': b"Compiling '/home/adi/RosProjects/install/my_robot_interfaces/local/lib/python3.10/dist-packages/my_robot_interfaces/srv/__init__.py'...\n"}
[7.914293] (my_robot_interfaces) StdoutLine: {'line': b"Compiling '/home/adi/RosProjects/install/my_robot_interfaces/local/lib/python3.10/dist-packages/my_robot_interfaces/srv/_compute_rectangle_area.py'...\n"}
[7.914429] (my_robot_interfaces) StdoutLine: {'line': b"Compiling '/home/adi/RosProjects/install/my_robot_interfaces/local/lib/python3.10/dist-packages/my_robot_interfaces/srv/_set_led_status.py'...\n"}
[7.914625] (my_robot_interfaces) StdoutLine: {'line': b"Compiling '/home/adi/RosProjects/install/my_robot_interfaces/local/lib/python3.10/dist-packages/my_robot_interfaces/srv/_spawn_turtle.py'...\n"}
[7.919706] (my_robot_interfaces) StdoutLine: {'line': b'-- Installing: /home/adi/RosProjects/install/my_robot_interfaces/local/lib/python3.10/dist-packages/my_robot_interfaces/my_robot_interfaces_s__rosidl_typesupport_fastrtps_c.cpython-310-x86_64-linux-gnu.so\n'}
[7.920151] (my_robot_interfaces) StdoutLine: {'line': b'-- Set runtime path of "/home/adi/RosProjects/install/my_robot_interfaces/local/lib/python3.10/dist-packages/my_robot_interfaces/my_robot_interfaces_s__rosidl_typesupport_fastrtps_c.cpython-310-x86_64-linux-gnu.so" to ""\n'}
[7.920316] (my_robot_interfaces) StdoutLine: {'line': b'-- Installing: /home/adi/RosProjects/install/my_robot_interfaces/local/lib/python3.10/dist-packages/my_robot_interfaces/my_robot_interfaces_s__rosidl_typesupport_introspection_c.cpython-310-x86_64-linux-gnu.so\n'}
[7.920754] (my_robot_interfaces) StdoutLine: {'line': b'-- Set runtime path of "/home/adi/RosProjects/install/my_robot_interfaces/local/lib/python3.10/dist-packages/my_robot_interfaces/my_robot_interfaces_s__rosidl_typesupport_introspection_c.cpython-310-x86_64-linux-gnu.so" to ""\n'}
[7.921073] (my_robot_interfaces) StdoutLine: {'line': b'-- Installing: /home/adi/RosProjects/install/my_robot_interfaces/local/lib/python3.10/dist-packages/my_robot_interfaces/my_robot_interfaces_s__rosidl_typesupport_c.cpython-310-x86_64-linux-gnu.so\n'}
[7.921417] (my_robot_interfaces) StdoutLine: {'line': b'-- Set runtime path of "/home/adi/RosProjects/install/my_robot_interfaces/local/lib/python3.10/dist-packages/my_robot_interfaces/my_robot_interfaces_s__rosidl_typesupport_c.cpython-310-x86_64-linux-gnu.so" to ""\n'}
[7.921575] (my_robot_interfaces) StdoutLine: {'line': b'-- Installing: /home/adi/RosProjects/install/my_robot_interfaces/lib/libmy_robot_interfaces__rosidl_generator_py.so\n'}
[7.922490] (my_robot_interfaces) StdoutLine: {'line': b'-- Set runtime path of "/home/adi/RosProjects/install/my_robot_interfaces/lib/libmy_robot_interfaces__rosidl_generator_py.so" to ""\n'}
[7.922724] (my_robot_interfaces) StdoutLine: {'line': b'-- Installing: /home/adi/RosProjects/install/my_robot_interfaces/share/my_robot_interfaces/msg/HardwareStatus.idl\n'}
[7.922896] (my_robot_interfaces) StdoutLine: {'line': b'-- Installing: /home/adi/RosProjects/install/my_robot_interfaces/share/my_robot_interfaces/srv/ComputeRectangleArea.idl\n'}
[7.922962] (my_robot_interfaces) StdoutLine: {'line': b'-- Installing: /home/adi/RosProjects/install/my_robot_interfaces/share/my_robot_interfaces/msg/BatteryStatus.idl\n'}
[7.923018] (my_robot_interfaces) StdoutLine: {'line': b'-- Installing: /home/adi/RosProjects/install/my_robot_interfaces/share/my_robot_interfaces/srv/SetLedStatus.idl\n'}
[7.923073] (my_robot_interfaces) StdoutLine: {'line': b'-- Installing: /home/adi/RosProjects/install/my_robot_interfaces/share/my_robot_interfaces/action/PredatorMovement.idl\n'}
[7.923208] (my_robot_interfaces) StdoutLine: {'line': b'-- Installing: /home/adi/RosProjects/install/my_robot_interfaces/share/my_robot_interfaces/srv/SpawnTurtle.idl\n'}
[7.923297] (my_robot_interfaces) StdoutLine: {'line': b'-- Installing: /home/adi/RosProjects/install/my_robot_interfaces/share/my_robot_interfaces/msg/HardwareStatus.msg\n'}
[7.923354] (my_robot_interfaces) StdoutLine: {'line': b'-- Installing: /home/adi/RosProjects/install/my_robot_interfaces/share/my_robot_interfaces/srv/ComputeRectangleArea.srv\n'}
[7.923473] (my_robot_interfaces) StdoutLine: {'line': b'-- Installing: /home/adi/RosProjects/install/my_robot_interfaces/share/my_robot_interfaces/srv/ComputeRectangleArea_Request.msg\n'}
[7.923553] (my_robot_interfaces) StdoutLine: {'line': b'-- Installing: /home/adi/RosProjects/install/my_robot_interfaces/share/my_robot_interfaces/srv/ComputeRectangleArea_Response.msg\n'}
[7.923611] (my_robot_interfaces) StdoutLine: {'line': b'-- Installing: /home/adi/RosProjects/install/my_robot_interfaces/share/my_robot_interfaces/msg/BatteryStatus.msg\n'}
[7.923908] (my_robot_interfaces) StdoutLine: {'line': b'-- Installing: /home/adi/RosProjects/install/my_robot_interfaces/share/my_robot_interfaces/srv/SetLedStatus.srv\n'}
[7.924311] (my_robot_interfaces) StdoutLine: {'line': b'-- Installing: /home/adi/RosProjects/install/my_robot_interfaces/share/my_robot_interfaces/srv/SetLedStatus_Request.msg\n'}
[7.924403] (my_robot_interfaces) StdoutLine: {'line': b'-- Installing: /home/adi/RosProjects/install/my_robot_interfaces/share/my_robot_interfaces/srv/SetLedStatus_Response.msg\n'}
[7.924472] (my_robot_interfaces) StdoutLine: {'line': b'-- Installing: /home/adi/RosProjects/install/my_robot_interfaces/share/my_robot_interfaces/action/PredatorMovement.action\n'}
[7.924528] (my_robot_interfaces) StdoutLine: {'line': b'-- Installing: /home/adi/RosProjects/install/my_robot_interfaces/share/my_robot_interfaces/srv/SpawnTurtle.srv\n'}
[7.924683] (my_robot_interfaces) StdoutLine: {'line': b'-- Installing: /home/adi/RosProjects/install/my_robot_interfaces/share/my_robot_interfaces/srv/SpawnTurtle_Request.msg\n'}
[7.924781] (my_robot_interfaces) StdoutLine: {'line': b'-- Installing: /home/adi/RosProjects/install/my_robot_interfaces/share/my_robot_interfaces/srv/SpawnTurtle_Response.msg\n'}
[7.924879] (my_robot_interfaces) StdoutLine: {'line': b'-- Installing: /home/adi/RosProjects/install/my_robot_interfaces/share/ament_index/resource_index/package_run_dependencies/my_robot_interfaces\n'}
[7.924978] (my_robot_interfaces) StdoutLine: {'line': b'-- Installing: /home/adi/RosProjects/install/my_robot_interfaces/share/ament_index/resource_index/parent_prefix_path/my_robot_interfaces\n'}
[7.925102] (my_robot_interfaces) StdoutLine: {'line': b'-- Installing: /home/adi/RosProjects/install/my_robot_interfaces/share/my_robot_interfaces/environment/ament_prefix_path.sh\n'}
[7.925241] (my_robot_interfaces) StdoutLine: {'line': b'-- Installing: /home/adi/RosProjects/install/my_robot_interfaces/share/my_robot_interfaces/environment/ament_prefix_path.dsv\n'}
[7.925417] (my_robot_interfaces) StdoutLine: {'line': b'-- Installing: /home/adi/RosProjects/install/my_robot_interfaces/share/my_robot_interfaces/environment/path.sh\n'}
[7.925476] (my_robot_interfaces) StdoutLine: {'line': b'-- Installing: /home/adi/RosProjects/install/my_robot_interfaces/share/my_robot_interfaces/environment/path.dsv\n'}
[7.925585] (my_robot_interfaces) StdoutLine: {'line': b'-- Installing: /home/adi/RosProjects/install/my_robot_interfaces/share/my_robot_interfaces/local_setup.bash\n'}
[7.925741] (my_robot_interfaces) StdoutLine: {'line': b'-- Installing: /home/adi/RosProjects/install/my_robot_interfaces/share/my_robot_interfaces/local_setup.sh\n'}
[7.925874] (my_robot_interfaces) StdoutLine: {'line': b'-- Installing: /home/adi/RosProjects/install/my_robot_interfaces/share/my_robot_interfaces/local_setup.zsh\n'}
[7.925935] (my_robot_interfaces) StdoutLine: {'line': b'-- Installing: /home/adi/RosProjects/install/my_robot_interfaces/share/my_robot_interfaces/local_setup.dsv\n'}
[7.926065] (my_robot_interfaces) StdoutLine: {'line': b'-- Installing: /home/adi/RosProjects/install/my_robot_interfaces/share/my_robot_interfaces/package.dsv\n'}
[7.926197] (my_robot_interfaces) StdoutLine: {'line': b'-- Installing: /home/adi/RosProjects/install/my_robot_interfaces/share/ament_index/resource_index/packages/my_robot_interfaces\n'}
[7.926353] (my_robot_interfaces) StdoutLine: {'line': b'-- Installing: /home/adi/RosProjects/install/my_robot_interfaces/share/my_robot_interfaces/cmake/export_my_robot_interfaces__rosidl_generator_cExport.cmake\n'}
[7.926497] (my_robot_interfaces) StdoutLine: {'line': b'-- Installing: /home/adi/RosProjects/install/my_robot_interfaces/share/my_robot_interfaces/cmake/export_my_robot_interfaces__rosidl_generator_cExport-noconfig.cmake\n'}
[7.926629] (my_robot_interfaces) StdoutLine: {'line': b'-- Installing: /home/adi/RosProjects/install/my_robot_interfaces/share/my_robot_interfaces/cmake/export_my_robot_interfaces__rosidl_typesupport_fastrtps_cExport.cmake\n'}
[7.926844] (my_robot_interfaces) StdoutLine: {'line': b'-- Installing: /home/adi/RosProjects/install/my_robot_interfaces/share/my_robot_interfaces/cmake/export_my_robot_interfaces__rosidl_typesupport_fastrtps_cExport-noconfig.cmake\n'}
[7.926971] (my_robot_interfaces) StdoutLine: {'line': b'-- Installing: /home/adi/RosProjects/install/my_robot_interfaces/share/my_robot_interfaces/cmake/my_robot_interfaces__rosidl_typesupport_introspection_cExport.cmake\n'}
[7.927080] (my_robot_interfaces) StdoutLine: {'line': b'-- Installing: /home/adi/RosProjects/install/my_robot_interfaces/share/my_robot_interfaces/cmake/my_robot_interfaces__rosidl_typesupport_introspection_cExport-noconfig.cmake\n'}
[7.927237] (my_robot_interfaces) StdoutLine: {'line': b'-- Installing: /home/adi/RosProjects/install/my_robot_interfaces/share/my_robot_interfaces/cmake/my_robot_interfaces__rosidl_typesupport_cExport.cmake\n'}
[7.927374] (my_robot_interfaces) StdoutLine: {'line': b'-- Installing: /home/adi/RosProjects/install/my_robot_interfaces/share/my_robot_interfaces/cmake/my_robot_interfaces__rosidl_typesupport_cExport-noconfig.cmake\n'}
[7.927503] (my_robot_interfaces) StdoutLine: {'line': b'-- Installing: /home/adi/RosProjects/install/my_robot_interfaces/share/my_robot_interfaces/cmake/export_my_robot_interfaces__rosidl_generator_cppExport.cmake\n'}
[7.927623] (my_robot_interfaces) StdoutLine: {'line': b'-- Installing: /home/adi/RosProjects/install/my_robot_interfaces/share/my_robot_interfaces/cmake/export_my_robot_interfaces__rosidl_typesupport_fastrtps_cppExport.cmake\n'}
[7.927739] (my_robot_interfaces) StdoutLine: {'line': b'-- Installing: /home/adi/RosProjects/install/my_robot_interfaces/share/my_robot_interfaces/cmake/export_my_robot_interfaces__rosidl_typesupport_fastrtps_cppExport-noconfig.cmake\n'}
[7.927956] (my_robot_interfaces) StdoutLine: {'line': b'-- Installing: /home/adi/RosProjects/install/my_robot_interfaces/share/my_robot_interfaces/cmake/my_robot_interfaces__rosidl_typesupport_introspection_cppExport.cmake\n'}
[7.928129] (my_robot_interfaces) StdoutLine: {'line': b'-- Installing: /home/adi/RosProjects/install/my_robot_interfaces/share/my_robot_interfaces/cmake/my_robot_interfaces__rosidl_typesupport_introspection_cppExport-noconfig.cmake\n'}
[7.928374] (my_robot_interfaces) StdoutLine: {'line': b'-- Installing: /home/adi/RosProjects/install/my_robot_interfaces/share/my_robot_interfaces/cmake/my_robot_interfaces__rosidl_typesupport_cppExport.cmake\n'}
[7.928451] (my_robot_interfaces) StdoutLine: {'line': b'-- Installing: /home/adi/RosProjects/install/my_robot_interfaces/share/my_robot_interfaces/cmake/my_robot_interfaces__rosidl_typesupport_cppExport-noconfig.cmake\n'}
[7.928562] (my_robot_interfaces) StdoutLine: {'line': b'-- Installing: /home/adi/RosProjects/install/my_robot_interfaces/share/my_robot_interfaces/cmake/export_my_robot_interfaces__rosidl_generator_pyExport.cmake\n'}
[7.928736] (my_robot_interfaces) StdoutLine: {'line': b'-- Installing: /home/adi/RosProjects/install/my_robot_interfaces/share/my_robot_interfaces/cmake/export_my_robot_interfaces__rosidl_generator_pyExport-noconfig.cmake\n'}
[7.928878] (my_robot_interfaces) StdoutLine: {'line': b'-- Installing: /home/adi/RosProjects/install/my_robot_interfaces/share/my_robot_interfaces/cmake/rosidl_cmake-extras.cmake\n'}
[7.929151] (my_robot_interfaces) StdoutLine: {'line': b'-- Installing: /home/adi/RosProjects/install/my_robot_interfaces/share/my_robot_interfaces/cmake/ament_cmake_export_dependencies-extras.cmake\n'}
[7.929439] (my_robot_interfaces) StdoutLine: {'line': b'-- Installing: /home/adi/RosProjects/install/my_robot_interfaces/share/my_robot_interfaces/cmake/ament_cmake_export_include_directories-extras.cmake\n'}
[7.929578] (my_robot_interfaces) StdoutLine: {'line': b'-- Installing: /home/adi/RosProjects/install/my_robot_interfaces/share/my_robot_interfaces/cmake/ament_cmake_export_libraries-extras.cmake\n'}
[7.929650] (my_robot_interfaces) StdoutLine: {'line': b'-- Installing: /home/adi/RosProjects/install/my_robot_interfaces/share/my_robot_interfaces/cmake/ament_cmake_export_targets-extras.cmake\n'}
[7.929792] (my_robot_interfaces) StdoutLine: {'line': b'-- Installing: /home/adi/RosProjects/install/my_robot_interfaces/share/my_robot_interfaces/cmake/rosidl_cmake_export_typesupport_targets-extras.cmake\n'}
[7.929902] (my_robot_interfaces) StdoutLine: {'line': b'-- Installing: /home/adi/RosProjects/install/my_robot_interfaces/share/my_robot_interfaces/cmake/rosidl_cmake_export_typesupport_libraries-extras.cmake\n'}
[7.930039] (my_robot_interfaces) StdoutLine: {'line': b'-- Installing: /home/adi/RosProjects/install/my_robot_interfaces/share/my_robot_interfaces/cmake/my_robot_interfacesConfig.cmake\n'}
[7.930176] (my_robot_interfaces) StdoutLine: {'line': b'-- Installing: /home/adi/RosProjects/install/my_robot_interfaces/share/my_robot_interfaces/cmake/my_robot_interfacesConfig-version.cmake\n'}
[7.930391] (my_robot_interfaces) StdoutLine: {'line': b'-- Installing: /home/adi/RosProjects/install/my_robot_interfaces/share/my_robot_interfaces/package.xml\n'}
[7.937263] (my_robot_interfaces) CommandEnded: {'returncode': 0}
[7.956612] (my_robot_interfaces) JobEnded: {'identifier': 'my_robot_interfaces', 'rc': 0}
[7.957419] (my_py_pkg) JobStarted: {'identifier': 'my_py_pkg'}
[7.974933] (-) TimerEvent: {}
[8.077775] (-) TimerEvent: {}
[8.185074] (-) TimerEvent: {}
[8.286208] (-) TimerEvent: {}
[8.389301] (-) TimerEvent: {}
[8.466688] (my_py_pkg) Command: {'cmd': ['/usr/bin/python3', '-W', 'ignore:setup.py install is deprecated', '-W', 'ignore:easy_install command is deprecated', 'setup.py', 'egg_info', '--egg-base', '../../build/my_py_pkg', 'build', '--build-base', '/home/adi/RosProjects/build/my_py_pkg/build', 'install', '--record', '/home/adi/RosProjects/build/my_py_pkg/install.log', '--single-version-externally-managed', 'install_data'], 'cwd': '/home/adi/RosProjects/src/my_py_pkg', 'env': {'GJS_DEBUG_TOPICS': 'JS ERROR;JS LOG', 'LESSOPEN': '| /usr/bin/lesspipe %s', 'LANGUAGE': 'en_IN:en', 'USER': 'adi', 'XDG_SESSION_TYPE': 'wayland', 'SHLVL': '1', 'LD_LIBRARY_PATH': '/home/adi/RosProjects/install/my_robot_interfaces/lib:/home/adi/install/my_robot_interfaces/lib:/opt/ros/humble/opt/rviz_ogre_vendor/lib:/opt/ros/humble/lib/x86_64-linux-gnu:/opt/ros/humble/lib', 'HOME': '/home/adi', 'OLDPWD': '/home/adi/RosProjects/install', 'DESKTOP_SESSION': 'ubuntu', 'GIO_LAUNCHED_DESKTOP_FILE': '/usr/share/applications/terminator.desktop', 'ROS_PYTHON_VERSION': '3', 'GNOME_SHELL_SESSION_MODE': 'ubuntu', 'GTK_MODULES': 'gail:atk-bridge', 'MANAGERPID': '1128', 'SYSTEMD_EXEC_PID': '1351', 'DBUS_SESSION_BUS_ADDRESS': 'unix:path=/run/user/1000/bus', 'COLORTERM': 'truecolor', 'TERMINATOR_DBUS_NAME': 'net.tenshu.Terminator25ef4b219e3b005583550f2b0f9f990c3', 'GIO_LAUNCHED_DESKTOP_FILE_PID': '102524', 'IM_CONFIG_PHASE': '1', 'WAYLAND_DISPLAY': 'wayland-0', 'COLCON_PREFIX_PATH': '/home/adi/RosProjects/install:/home/adi/install', 'ROS_DISTRO': 'humble', 'LOGNAME': 'adi', 'JOURNAL_STREAM': '8:9022', '_': '/usr/bin/colcon', 'ROS_VERSION': '2', 'XDG_SESSION_CLASS': 'user', 'USERNAME': 'adi', 'TERM': 'xterm-256color', 'GNOME_DESKTOP_SESSION_ID': 'this-is-deprecated', 'ROS_LOCALHOST_ONLY': '0', 'PATH': '/opt/ros/humble/bin:/usr/local/sbin:/usr/local/bin:/usr/sbin:/usr/bin:/sbin:/bin:/usr/games:/usr/local/games:/snap/bin:/snap/bin', 'SESSION_MANAGER': 'local/adi-VirtualBox:@/tmp/.ICE-unix/1306,unix/adi-VirtualBox:/tmp/.ICE-unix/1306', 'INVOCATION_ID': '4d7f6b53d281407b850482dac7e3595f', 'XDG_MENU_PREFIX': 'gnome-', 'GNOME_SETUP_DISPLAY': ':1', 'XDG_RUNTIME_DIR': '/run/user/1000', 'DISPLAY': ':0', 'TERMINATOR_DBUS_PATH': '/net/tenshu/Terminator2', 'LANG': 'en_US.UTF-8', 'XDG_CURRENT_DESKTOP': 'ubuntu:GNOME', 'IBUS_DISABLE_SNOOPER': '1', 'XMODIFIERS': '@im=ibus', 'XDG_SESSION_DESKTOP': 'ubuntu', 'XAUTHORITY': '/run/user/1000/.mutter-Xwaylandauth.CGBEE3', 'LS_COLORS': 'rs=0:di=01;34:ln=01;36:mh=00:pi=40;33:so=01;35:do=01;35:bd=40;33;01:cd=40;33;01:or=40;31;01:mi=00:su=37;41:sg=30;43:ca=30;41:tw=30;42:ow=34;42:st=37;44:ex=01;32:*.tar=01;31:*.tgz=01;31:*.arc=01;31:*.arj=01;31:*.taz=01;31:*.lha=01;31:*.lz4=01;31:*.lzh=01;31:*.lzma=01;31:*.tlz=01;31:*.txz=01;31:*.tzo=01;31:*.t7z=01;31:*.zip=01;31:*.z=01;31:*.dz=01;31:*.gz=01;31:*.lrz=01;31:*.lz=01;31:*.lzo=01;31:*.xz=01;31:*.zst=01;31:*.tzst=01;31:*.bz2=01;31:*.bz=01;31:*.tbz=01;31:*.tbz2=01;31:*.tz=01;31:*.deb=01;31:*.rpm=01;31:*.jar=01;31:*.war=01;31:*.ear=01;31:*.sar=01;31:*.rar=01;31:*.alz=01;31:*.ace=01;31:*.zoo=01;31:*.cpio=01;31:*.7z=01;31:*.rz=01;31:*.cab=01;31:*.wim=01;31:*.swm=01;31:*.dwm=01;31:*.esd=01;31:*.jpg=01;35:*.jpeg=01;35:*.mjpg=01;35:*.mjpeg=01;35:*.gif=01;35:*.bmp=01;35:*.pbm=01;35:*.pgm=01;35:*.ppm=01;35:*.tga=01;35:*.xbm=01;35:*.xpm=01;35:*.tif=01;35:*.tiff=01;35:*.png=01;35:*.svg=01;35:*.svgz=01;35:*.mng=01;35:*.pcx=01;35:*.mov=01;35:*.mpg=01;35:*.mpeg=01;35:*.m2v=01;35:*.mkv=01;35:*.webm=01;35:*.webp=01;35:*.ogm=01;35:*.mp4=01;35:*.m4v=01;35:*.mp4v=01;35:*.vob=01;35:*.qt=01;35:*.nuv=01;35:*.wmv=01;35:*.asf=01;35:*.rm=01;35:*.rmvb=01;35:*.flc=01;35:*.avi=01;35:*.fli=01;35:*.flv=01;35:*.gl=01;35:*.dl=01;35:*.xcf=01;35:*.xwd=01;35:*.yuv=01;35:*.cgm=01;35:*.emf=01;35:*.ogv=01;35:*.ogx=01;35:*.aac=00;36:*.au=00;36:*.flac=00;36:*.m4a=00;36:*.mid=00;36:*.midi=00;36:*.mka=00;36:*.mp3=00;36:*.mpc=00;36:*.ogg=00;36:*.ra=00;36:*.wav=00;36:*.oga=00;36:*.opus=00;36:*.spx=00;36:*.xspf=00;36:', 'SSH_AGENT_LAUNCHER': 'gnome-keyring', 'SSH_AUTH_SOCK': '/run/user/1000/keyring/ssh', 'AMENT_PREFIX_PATH': '/home/adi/RosProjects/install/my_robot_bringup:/home/adi/RosProjects/install/my_py_pkg:/home/adi/RosProjects/install/my_robot_interfaces:/home/adi/install/my_robot_bringup:/home/adi/install/my_py_pkg:/home/adi/install/my_robot_interfaces:/home/adi/install/my_cpp_pkg:/opt/ros/humble', 'SHELL': '/bin/bash', 'TERMINATOR_UUID': 'urn:uuid:094c90a5-13d4-4067-8053-3dca8838fba4', 'QT_ACCESSIBILITY': '1', 'GDMSESSION': 'ubuntu', 'LESSCLOSE': '/usr/bin/lesspipe %s %s', 'GJS_DEBUG_OUTPUT': 'stderr', 'QT_IM_MODULE': 'ibus', 'PWD': '/home/adi/RosProjects/build/my_py_pkg', 'LC_ALL': 'en_US.UTF-8', 'XDG_CONFIG_DIRS': '/etc/xdg/xdg-ubuntu:/etc/xdg', 'XDG_DATA_DIRS': '/usr/share/ubuntu:/usr/local/share/:/usr/share/:/var/lib/snapd/desktop', 'PYTHONPATH': '/home/adi/RosProjects/build/my_py_pkg/prefix_override:/usr/lib/python3/dist-packages/colcon_core/task/python/colcon_distutils_commands:/home/adi/RosProjects/install/my_py_pkg/lib/python3.10/site-packages:/home/adi/RosProjects/install/my_py_pkg/lib/python3.10/site-packages:/home/adi/RosProjects/install/my_robot_interfaces/local/lib/python3.10/dist-packages:/home/adi/install/my_py_pkg/lib/python3.10/site-packages:/home/adi/install/my_robot_interfaces/local/lib/python3.10/dist-packages:/opt/ros/humble/lib/python3.10/site-packages:/opt/ros/humble/local/lib/python3.10/dist-packages', 'COLCON': '1', 'VTE_VERSION': '6800', 'CMAKE_PREFIX_PATH': '/home/adi/RosProjects/install/my_robot_interfaces:/home/adi/RosProjects/install/my_robot_bringup:/home/adi/install/my_robot_bringup:/home/adi/install/my_robot_interfaces:/home/adi/install/my_cpp_pkg'}, 'shell': False}
[8.493328] (-) TimerEvent: {}
[8.597972] (-) TimerEvent: {}
[8.664538] (my_py_pkg) StdoutLine: {'line': b'running egg_info\n'}
[8.664689] (my_py_pkg) StdoutLine: {'line': b'creating ../../build/my_py_pkg/my_py_pkg.egg-info\n'}
[8.664742] (my_py_pkg) StdoutLine: {'line': b'writing ../../build/my_py_pkg/my_py_pkg.egg-info/PKG-INFO\n'}
[8.664786] (my_py_pkg) StdoutLine: {'line': b'writing dependency_links to ../../build/my_py_pkg/my_py_pkg.egg-info/dependency_links.txt\n'}
[8.664830] (my_py_pkg) StdoutLine: {'line': b'writing entry points to ../../build/my_py_pkg/my_py_pkg.egg-info/entry_points.txt\n'}
[8.664872] (my_py_pkg) StdoutLine: {'line': b'writing requirements to ../../build/my_py_pkg/my_py_pkg.egg-info/requires.txt\n'}
[8.664918] (my_py_pkg) StdoutLine: {'line': b'writing top-level names to ../../build/my_py_pkg/my_py_pkg.egg-info/top_level.txt\n'}
[8.664959] (my_py_pkg) StdoutLine: {'line': b"writing manifest file '../../build/my_py_pkg/my_py_pkg.egg-info/SOURCES.txt'\n"}
[8.666059] (my_py_pkg) StdoutLine: {'line': b"reading manifest file '../../build/my_py_pkg/my_py_pkg.egg-info/SOURCES.txt'\n"}
[8.667396] (my_py_pkg) StdoutLine: {'line': b"writing manifest file '../../build/my_py_pkg/my_py_pkg.egg-info/SOURCES.txt'\n"}
[8.667666] (my_py_pkg) StdoutLine: {'line': b'running build\n'}
[8.667766] (my_py_pkg) StdoutLine: {'line': b'running build_py\n'}
[8.668178] (my_py_pkg) StdoutLine: {'line': b'creating /home/adi/RosProjects/build/my_py_pkg/build\n'}
[8.668445] (my_py_pkg) StdoutLine: {'line': b'creating /home/adi/RosProjects/build/my_py_pkg/build/lib\n'}
[8.668562] (my_py_pkg) StdoutLine: {'line': b'creating /home/adi/RosProjects/build/my_py_pkg/build/lib/my_py_pkg\n'}
[8.668672] (my_py_pkg) StdoutLine: {'line': b'copying my_py_pkg/add_two_ints_server.py -> /home/adi/RosProjects/build/my_py_pkg/build/lib/my_py_pkg\n'}
[8.668805] (my_py_pkg) StdoutLine: {'line': b'copying my_py_pkg/battery_charge_status.py -> /home/adi/RosProjects/build/my_py_pkg/build/lib/my_py_pkg\n'}
[8.668995] (my_py_pkg) StdoutLine: {'line': b'copying my_py_pkg/smartphone.py -> /home/adi/RosProjects/build/my_py_pkg/build/lib/my_py_pkg\n'}
[8.669225] (my_py_pkg) StdoutLine: {'line': b'copying my_py_pkg/__init__.py -> /home/adi/RosProjects/build/my_py_pkg/build/lib/my_py_pkg\n'}
[8.669336] (my_py_pkg) StdoutLine: {'line': b'copying my_py_pkg/my_first_node.py -> /home/adi/RosProjects/build/my_py_pkg/build/lib/my_py_pkg\n'}
[8.669437] (my_py_pkg) StdoutLine: {'line': b'copying my_py_pkg/led_panel_node.py -> /home/adi/RosProjects/build/my_py_pkg/build/lib/my_py_pkg\n'}
[8.669535] (my_py_pkg) StdoutLine: {'line': b'copying my_py_pkg/hardware_status_publisher.py -> /home/adi/RosProjects/build/my_py_pkg/build/lib/my_py_pkg\n'}
[8.669726] (my_py_pkg) StdoutLine: {'line': b'copying my_py_pkg/robot_news_station.py -> /home/adi/RosProjects/build/my_py_pkg/build/lib/my_py_pkg\n'}
[8.669841] (my_py_pkg) StdoutLine: {'line': b'copying my_py_pkg/PredatorTurtle.py -> /home/adi/RosProjects/build/my_py_pkg/build/lib/my_py_pkg\n'}
[8.669924] (my_py_pkg) StdoutLine: {'line': b'copying my_py_pkg/number_counter.py -> /home/adi/RosProjects/build/my_py_pkg/build/lib/my_py_pkg\n'}
[8.670601] (my_py_pkg) StdoutLine: {'line': b'copying my_py_pkg/add_two_ints_client_no_oop.py -> /home/adi/RosProjects/build/my_py_pkg/build/lib/my_py_pkg\n'}
[8.670744] (my_py_pkg) StdoutLine: {'line': b'copying my_py_pkg/battery_monitor.py -> /home/adi/RosProjects/build/my_py_pkg/build/lib/my_py_pkg\n'}
[8.673000] (my_py_pkg) StdoutLine: {'line': b'copying my_py_pkg/number_publisher.py -> /home/adi/RosProjects/build/my_py_pkg/build/lib/my_py_pkg\n'}
[8.673326] (my_py_pkg) StdoutLine: {'line': b'copying my_py_pkg/PreyTurtle.py -> /home/adi/RosProjects/build/my_py_pkg/build/lib/my_py_pkg\n'}
[8.673407] (my_py_pkg) StdoutLine: {'line': b'copying my_py_pkg/add_two_ints_client.py -> /home/adi/RosProjects/build/my_py_pkg/build/lib/my_py_pkg\n'}
[8.675570] (my_py_pkg) StdoutLine: {'line': b'copying my_py_pkg/template_python_node.py -> /home/adi/RosProjects/build/my_py_pkg/build/lib/my_py_pkg\n'}
[8.675845] (my_py_pkg) StdoutLine: {'line': b'copying my_py_pkg/reset_counter.py -> /home/adi/RosProjects/build/my_py_pkg/build/lib/my_py_pkg\n'}
[8.676390] (my_py_pkg) StdoutLine: {'line': b'running install\n'}
[8.676956] (my_py_pkg) StdoutLine: {'line': b'running install_lib\n'}
[8.677934] (my_py_pkg) StdoutLine: {'line': b'creating /home/adi/RosProjects/install/my_py_pkg/lib/python3.10/site-packages/my_py_pkg\n'}
[8.678128] (my_py_pkg) StdoutLine: {'line': b'copying /home/adi/RosProjects/build/my_py_pkg/build/lib/my_py_pkg/add_two_ints_server.py -> /home/adi/RosProjects/install/my_py_pkg/lib/python3.10/site-packages/my_py_pkg\n'}
[8.678291] (my_py_pkg) StdoutLine: {'line': b'copying /home/adi/RosProjects/build/my_py_pkg/build/lib/my_py_pkg/battery_charge_status.py -> /home/adi/RosProjects/install/my_py_pkg/lib/python3.10/site-packages/my_py_pkg\n'}
[8.678473] (my_py_pkg) StdoutLine: {'line': b'copying /home/adi/RosProjects/build/my_py_pkg/build/lib/my_py_pkg/smartphone.py -> /home/adi/RosProjects/install/my_py_pkg/lib/python3.10/site-packages/my_py_pkg\n'}
[8.678625] (my_py_pkg) StdoutLine: {'line': b'copying /home/adi/RosProjects/build/my_py_pkg/build/lib/my_py_pkg/__init__.py -> /home/adi/RosProjects/install/my_py_pkg/lib/python3.10/site-packages/my_py_pkg\n'}
[8.678731] (my_py_pkg) StdoutLine: {'line': b'copying /home/adi/RosProjects/build/my_py_pkg/build/lib/my_py_pkg/my_first_node.py -> /home/adi/RosProjects/install/my_py_pkg/lib/python3.10/site-packages/my_py_pkg\n'}
[8.678779] (my_py_pkg) StdoutLine: {'line': b'copying /home/adi/RosProjects/build/my_py_pkg/build/lib/my_py_pkg/led_panel_node.py -> /home/adi/RosProjects/install/my_py_pkg/lib/python3.10/site-packages/my_py_pkg\n'}
[8.678896] (my_py_pkg) StdoutLine: {'line': b'copying /home/adi/RosProjects/build/my_py_pkg/build/lib/my_py_pkg/hardware_status_publisher.py -> /home/adi/RosProjects/install/my_py_pkg/lib/python3.10/site-packages/my_py_pkg\n'}
[8.678976] (my_py_pkg) StdoutLine: {'line': b'copying /home/adi/RosProjects/build/my_py_pkg/build/lib/my_py_pkg/robot_news_station.py -> /home/adi/RosProjects/install/my_py_pkg/lib/python3.10/site-packages/my_py_pkg\n'}
[8.679135] (my_py_pkg) StdoutLine: {'line': b'copying /home/adi/RosProjects/build/my_py_pkg/build/lib/my_py_pkg/PredatorTurtle.py -> /home/adi/RosProjects/install/my_py_pkg/lib/python3.10/site-packages/my_py_pkg\n'}
[8.679279] (my_py_pkg) StdoutLine: {'line': b'copying /home/adi/RosProjects/build/my_py_pkg/build/lib/my_py_pkg/number_counter.py -> /home/adi/RosProjects/install/my_py_pkg/lib/python3.10/site-packages/my_py_pkg\n'}
[8.679372] (my_py_pkg) StdoutLine: {'line': b'copying /home/adi/RosProjects/build/my_py_pkg/build/lib/my_py_pkg/add_two_ints_client_no_oop.py -> /home/adi/RosProjects/install/my_py_pkg/lib/python3.10/site-packages/my_py_pkg\n'}
[8.679464] (my_py_pkg) StdoutLine: {'line': b'copying /home/adi/RosProjects/build/my_py_pkg/build/lib/my_py_pkg/battery_monitor.py -> /home/adi/RosProjects/install/my_py_pkg/lib/python3.10/site-packages/my_py_pkg\n'}
[8.679601] (my_py_pkg) StdoutLine: {'line': b'copying /home/adi/RosProjects/build/my_py_pkg/build/lib/my_py_pkg/number_publisher.py -> /home/adi/RosProjects/install/my_py_pkg/lib/python3.10/site-packages/my_py_pkg\n'}
[8.679767] (my_py_pkg) StdoutLine: {'line': b'copying /home/adi/RosProjects/build/my_py_pkg/build/lib/my_py_pkg/PreyTurtle.py -> /home/adi/RosProjects/install/my_py_pkg/lib/python3.10/site-packages/my_py_pkg\n'}
[8.679839] (my_py_pkg) StdoutLine: {'line': b'copying /home/adi/RosProjects/build/my_py_pkg/build/lib/my_py_pkg/add_two_ints_client.py -> /home/adi/RosProjects/install/my_py_pkg/lib/python3.10/site-packages/my_py_pkg\n'}
[8.679915] (my_py_pkg) StdoutLine: {'line': b'copying /home/adi/RosProjects/build/my_py_pkg/build/lib/my_py_pkg/template_python_node.py -> /home/adi/RosProjects/install/my_py_pkg/lib/python3.10/site-packages/my_py_pkg\n'}
[8.679982] (my_py_pkg) StdoutLine: {'line': b'copying /home/adi/RosProjects/build/my_py_pkg/build/lib/my_py_pkg/reset_counter.py -> /home/adi/RosProjects/install/my_py_pkg/lib/python3.10/site-packages/my_py_pkg\n'}
[8.680392] (my_py_pkg) StdoutLine: {'line': b'byte-compiling /home/adi/RosProjects/install/my_py_pkg/lib/python3.10/site-packages/my_py_pkg/add_two_ints_server.py to add_two_ints_server.cpython-310.pyc\n'}
[8.680955] (my_py_pkg) StdoutLine: {'line': b'byte-compiling /home/adi/RosProjects/install/my_py_pkg/lib/python3.10/site-packages/my_py_pkg/battery_charge_status.py to battery_charge_status.cpython-310.pyc\n'}
[8.681366] (my_py_pkg) StdoutLine: {'line': b'byte-compiling /home/adi/RosProjects/install/my_py_pkg/lib/python3.10/site-packages/my_py_pkg/smartphone.py to smartphone.cpython-310.pyc\n'}
[8.681726] (my_py_pkg) StdoutLine: {'line': b'byte-compiling /home/adi/RosProjects/install/my_py_pkg/lib/python3.10/site-packages/my_py_pkg/__init__.py to __init__.cpython-310.pyc\n'}
[8.681898] (my_py_pkg) StdoutLine: {'line': b'byte-compiling /home/adi/RosProjects/install/my_py_pkg/lib/python3.10/site-packages/my_py_pkg/my_first_node.py to my_first_node.cpython-310.pyc\n'}
[8.682233] (my_py_pkg) StdoutLine: {'line': b'byte-compiling /home/adi/RosProjects/install/my_py_pkg/lib/python3.10/site-packages/my_py_pkg/led_panel_node.py to led_panel_node.cpython-310.pyc\n'}
[8.682885] (my_py_pkg) StdoutLine: {'line': b'byte-compiling /home/adi/RosProjects/install/my_py_pkg/lib/python3.10/site-packages/my_py_pkg/hardware_status_publisher.py to hardware_status_publisher.cpython-310.pyc\n'}
[8.683312] (my_py_pkg) StdoutLine: {'line': b'byte-compiling /home/adi/RosProjects/install/my_py_pkg/lib/python3.10/site-packages/my_py_pkg/robot_news_station.py to robot_news_station.cpython-310.pyc\n'}
[8.683690] (my_py_pkg) StdoutLine: {'line': b'byte-compiling /home/adi/RosProjects/install/my_py_pkg/lib/python3.10/site-packages/my_py_pkg/PredatorTurtle.py to PredatorTurtle.cpython-310.pyc\n'}
[8.684406] (my_py_pkg) StdoutLine: {'line': b'byte-compiling /home/adi/RosProjects/install/my_py_pkg/lib/python3.10/site-packages/my_py_pkg/number_counter.py to number_counter.cpython-310.pyc\n'}
[8.684903] (my_py_pkg) StdoutLine: {'line': b'byte-compiling /home/adi/RosProjects/install/my_py_pkg/lib/python3.10/site-packages/my_py_pkg/add_two_ints_client_no_oop.py to add_two_ints_client_no_oop.cpython-310.pyc\n'}
[8.685179] (my_py_pkg) StdoutLine: {'line': b'byte-compiling /home/adi/RosProjects/install/my_py_pkg/lib/python3.10/site-packages/my_py_pkg/battery_monitor.py to battery_monitor.cpython-310.pyc\n'}
[8.685680] (my_py_pkg) StdoutLine: {'line': b'byte-compiling /home/adi/RosProjects/install/my_py_pkg/lib/python3.10/site-packages/my_py_pkg/number_publisher.py to number_publisher.cpython-310.pyc\n'}
[8.686109] (my_py_pkg) StdoutLine: {'line': b'byte-compiling /home/adi/RosProjects/install/my_py_pkg/lib/python3.10/site-packages/my_py_pkg/PreyTurtle.py to PreyTurtle.cpython-310.pyc\n'}
[8.686807] (my_py_pkg) StdoutLine: {'line': b'byte-compiling /home/adi/RosProjects/install/my_py_pkg/lib/python3.10/site-packages/my_py_pkg/add_two_ints_client.py to add_two_ints_client.cpython-310.pyc\n'}
[8.687348] (my_py_pkg) StdoutLine: {'line': b'byte-compiling /home/adi/RosProjects/install/my_py_pkg/lib/python3.10/site-packages/my_py_pkg/template_python_node.py to template_python_node.cpython-310.pyc\n'}
[8.687575] (my_py_pkg) StdoutLine: {'line': b'byte-compiling /home/adi/RosProjects/install/my_py_pkg/lib/python3.10/site-packages/my_py_pkg/reset_counter.py to reset_counter.cpython-310.pyc\n'}
[8.687864] (my_py_pkg) StdoutLine: {'line': b'running install_data\n'}
[8.687980] (my_py_pkg) StdoutLine: {'line': b'creating /home/adi/RosProjects/install/my_py_pkg/share/ament_index\n'}
[8.688138] (my_py_pkg) StdoutLine: {'line': b'creating /home/adi/RosProjects/install/my_py_pkg/share/ament_index/resource_index\n'}
[8.688196] (my_py_pkg) StdoutLine: {'line': b'creating /home/adi/RosProjects/install/my_py_pkg/share/ament_index/resource_index/packages\n'}
[8.688341] (my_py_pkg) StdoutLine: {'line': b'copying resource/my_py_pkg -> /home/adi/RosProjects/install/my_py_pkg/share/ament_index/resource_index/packages\n'}
[8.688441] (my_py_pkg) StdoutLine: {'line': b'copying package.xml -> /home/adi/RosProjects/install/my_py_pkg/share/my_py_pkg\n'}
[8.688489] (my_py_pkg) StdoutLine: {'line': b'running install_egg_info\n'}
[8.690762] (my_py_pkg) StdoutLine: {'line': b'Copying ../../build/my_py_pkg/my_py_pkg.egg-info to /home/adi/RosProjects/install/my_py_pkg/lib/python3.10/site-packages/my_py_pkg-0.0.0-py3.10.egg-info\n'}
[8.691596] (my_py_pkg) StdoutLine: {'line': b'running install_scripts\n'}
[8.699352] (-) TimerEvent: {}
[8.711282] (my_py_pkg) StdoutLine: {'line': b'Installing PredatorTurtle script to /home/adi/RosProjects/install/my_py_pkg/lib/my_py_pkg\n'}
[8.711487] (my_py_pkg) StdoutLine: {'line': b'Installing PreyTurtle script to /home/adi/RosProjects/install/my_py_pkg/lib/my_py_pkg\n'}
[8.711642] (my_py_pkg) StdoutLine: {'line': b'Installing add_two_ints_client script to /home/adi/RosProjects/install/my_py_pkg/lib/my_py_pkg\n'}
[8.711742] (my_py_pkg) StdoutLine: {'line': b'Installing add_two_ints_client_no_oop script to /home/adi/RosProjects/install/my_py_pkg/lib/my_py_pkg\n'}
[8.711824] (my_py_pkg) StdoutLine: {'line': b'Installing add_two_ints_server script to /home/adi/RosProjects/install/my_py_pkg/lib/my_py_pkg\n'}
[8.711960] (my_py_pkg) StdoutLine: {'line': b'Installing battery_charge_status script to /home/adi/RosProjects/install/my_py_pkg/lib/my_py_pkg\n'}
[8.712088] (my_py_pkg) StdoutLine: {'line': b'Installing battery_monitor script to /home/adi/RosProjects/install/my_py_pkg/lib/my_py_pkg\n'}
[8.712174] (my_py_pkg) StdoutLine: {'line': b'Installing hardware_status_publisher script to /home/adi/RosProjects/install/my_py_pkg/lib/my_py_pkg\n'}
[8.712269] (my_py_pkg) StdoutLine: {'line': b'Installing led_panel_node script to /home/adi/RosProjects/install/my_py_pkg/lib/my_py_pkg\n'}
[8.712357] (my_py_pkg) StdoutLine: {'line': b'Installing number_counter script to /home/adi/RosProjects/install/my_py_pkg/lib/my_py_pkg\n'}
[8.712466] (my_py_pkg) StdoutLine: {'line': b'Installing number_publisher script to /home/adi/RosProjects/install/my_py_pkg/lib/my_py_pkg\n'}
[8.712562] (my_py_pkg) StdoutLine: {'line': b'Installing py_node script to /home/adi/RosProjects/install/my_py_pkg/lib/my_py_pkg\n'}
[8.712609] (my_py_pkg) StdoutLine: {'line': b'Installing robot_news_station script to /home/adi/RosProjects/install/my_py_pkg/lib/my_py_pkg\n'}
[8.712654] (my_py_pkg) StdoutLine: {'line': b'Installing smartphone script to /home/adi/RosProjects/install/my_py_pkg/lib/my_py_pkg\n'}
[8.712964] (my_py_pkg) StdoutLine: {'line': b"writing list of installed files to '/home/adi/RosProjects/build/my_py_pkg/install.log'\n"}
[8.737112] (my_py_pkg) CommandEnded: {'returncode': 0}
[8.743477] (my_py_pkg) JobEnded: {'identifier': 'my_py_pkg', 'rc': 0}
[8.743835] (my_robot_bringup) JobStarted: {'identifier': 'my_robot_bringup'}
[8.751327] (my_robot_bringup) JobProgress: {'identifier': 'my_robot_bringup', 'progress': 'cmake'}
[8.752372] (my_robot_bringup) Command: {'cmd': ['/usr/bin/cmake', '/home/adi/RosProjects/src/my_robot_bringup', '-DCMAKE_INSTALL_PREFIX=/home/adi/RosProjects/install/my_robot_bringup'], 'cwd': '/home/adi/RosProjects/build/my_robot_bringup', 'env': OrderedDict([('GJS_DEBUG_TOPICS', 'JS ERROR;JS LOG'), ('LESSOPEN', '| /usr/bin/lesspipe %s'), ('LANGUAGE', 'en_IN:en'), ('USER', 'adi'), ('XDG_SESSION_TYPE', 'wayland'), ('SHLVL', '1'), ('LD_LIBRARY_PATH', '/home/adi/RosProjects/install/my_robot_interfaces/lib:/home/adi/install/my_robot_interfaces/lib:/opt/ros/humble/opt/rviz_ogre_vendor/lib:/opt/ros/humble/lib/x86_64-linux-gnu:/opt/ros/humble/lib'), ('HOME', '/home/adi'), ('OLDPWD', '/home/adi/RosProjects/install'), ('DESKTOP_SESSION', 'ubuntu'), ('GIO_LAUNCHED_DESKTOP_FILE', '/usr/share/applications/terminator.desktop'), ('ROS_PYTHON_VERSION', '3'), ('GNOME_SHELL_SESSION_MODE', 'ubuntu'), ('GTK_MODULES', 'gail:atk-bridge'), ('MANAGERPID', '1128'), ('SYSTEMD_EXEC_PID', '1351'), ('DBUS_SESSION_BUS_ADDRESS', 'unix:path=/run/user/1000/bus'), ('COLORTERM', 'truecolor'), ('TERMINATOR_DBUS_NAME', 'net.tenshu.Terminator25ef4b219e3b005583550f2b0f9f990c3'), ('GIO_LAUNCHED_DESKTOP_FILE_PID', '102524'), ('IM_CONFIG_PHASE', '1'), ('WAYLAND_DISPLAY', 'wayland-0'), ('COLCON_PREFIX_PATH', '/home/adi/RosProjects/install:/home/adi/install'), ('ROS_DISTRO', 'humble'), ('LOGNAME', 'adi'), ('JOURNAL_STREAM', '8:9022'), ('_', '/usr/bin/colcon'), ('ROS_VERSION', '2'), ('XDG_SESSION_CLASS', 'user'), ('USERNAME', 'adi'), ('TERM', 'xterm-256color'), ('GNOME_DESKTOP_SESSION_ID', 'this-is-deprecated'), ('ROS_LOCALHOST_ONLY', '0'), ('PATH', '/opt/ros/humble/bin:/usr/local/sbin:/usr/local/bin:/usr/sbin:/usr/bin:/sbin:/bin:/usr/games:/usr/local/games:/snap/bin:/snap/bin'), ('SESSION_MANAGER', 'local/adi-VirtualBox:@/tmp/.ICE-unix/1306,unix/adi-VirtualBox:/tmp/.ICE-unix/1306'), ('INVOCATION_ID', '4d7f6b53d281407b850482dac7e3595f'), ('XDG_MENU_PREFIX', 'gnome-'), ('GNOME_SETUP_DISPLAY', ':1'), ('XDG_RUNTIME_DIR', '/run/user/1000'), ('DISPLAY', ':0'), ('TERMINATOR_DBUS_PATH', '/net/tenshu/Terminator2'), ('LANG', 'en_US.UTF-8'), ('XDG_CURRENT_DESKTOP', 'ubuntu:GNOME'), ('IBUS_DISABLE_SNOOPER', '1'), ('XMODIFIERS', '@im=ibus'), ('XDG_SESSION_DESKTOP', 'ubuntu'), ('XAUTHORITY', '/run/user/1000/.mutter-Xwaylandauth.CGBEE3'), ('LS_COLORS', 'rs=0:di=01;34:ln=01;36:mh=00:pi=40;33:so=01;35:do=01;35:bd=40;33;01:cd=40;33;01:or=40;31;01:mi=00:su=37;41:sg=30;43:ca=30;41:tw=30;42:ow=34;42:st=37;44:ex=01;32:*.tar=01;31:*.tgz=01;31:*.arc=01;31:*.arj=01;31:*.taz=01;31:*.lha=01;31:*.lz4=01;31:*.lzh=01;31:*.lzma=01;31:*.tlz=01;31:*.txz=01;31:*.tzo=01;31:*.t7z=01;31:*.zip=01;31:*.z=01;31:*.dz=01;31:*.gz=01;31:*.lrz=01;31:*.lz=01;31:*.lzo=01;31:*.xz=01;31:*.zst=01;31:*.tzst=01;31:*.bz2=01;31:*.bz=01;31:*.tbz=01;31:*.tbz2=01;31:*.tz=01;31:*.deb=01;31:*.rpm=01;31:*.jar=01;31:*.war=01;31:*.ear=01;31:*.sar=01;31:*.rar=01;31:*.alz=01;31:*.ace=01;31:*.zoo=01;31:*.cpio=01;31:*.7z=01;31:*.rz=01;31:*.cab=01;31:*.wim=01;31:*.swm=01;31:*.dwm=01;31:*.esd=01;31:*.jpg=01;35:*.jpeg=01;35:*.mjpg=01;35:*.mjpeg=01;35:*.gif=01;35:*.bmp=01;35:*.pbm=01;35:*.pgm=01;35:*.ppm=01;35:*.tga=01;35:*.xbm=01;35:*.xpm=01;35:*.tif=01;35:*.tiff=01;35:*.png=01;35:*.svg=01;35:*.svgz=01;35:*.mng=01;35:*.pcx=01;35:*.mov=01;35:*.mpg=01;35:*.mpeg=01;35:*.m2v=01;35:*.mkv=01;35:*.webm=01;35:*.webp=01;35:*.ogm=01;35:*.mp4=01;35:*.m4v=01;35:*.mp4v=01;35:*.vob=01;35:*.qt=01;35:*.nuv=01;35:*.wmv=01;35:*.asf=01;35:*.rm=01;35:*.rmvb=01;35:*.flc=01;35:*.avi=01;35:*.fli=01;35:*.flv=01;35:*.gl=01;35:*.dl=01;35:*.xcf=01;35:*.xwd=01;35:*.yuv=01;35:*.cgm=01;35:*.emf=01;35:*.ogv=01;35:*.ogx=01;35:*.aac=00;36:*.au=00;36:*.flac=00;36:*.m4a=00;36:*.mid=00;36:*.midi=00;36:*.mka=00;36:*.mp3=00;36:*.mpc=00;36:*.ogg=00;36:*.ra=00;36:*.wav=00;36:*.oga=00;36:*.opus=00;36:*.spx=00;36:*.xspf=00;36:'), ('SSH_AGENT_LAUNCHER', 'gnome-keyring'), ('SSH_AUTH_SOCK', '/run/user/1000/keyring/ssh'), ('AMENT_PREFIX_PATH', '/home/adi/RosProjects/install/my_py_pkg:/home/adi/RosProjects/install/my_robot_bringup:/home/adi/RosProjects/install/my_robot_interfaces:/home/adi/install/my_robot_bringup:/home/adi/install/my_py_pkg:/home/adi/install/my_robot_interfaces:/home/adi/install/my_cpp_pkg:/opt/ros/humble'), ('SHELL', '/bin/bash'), ('TERMINATOR_UUID', 'urn:uuid:094c90a5-13d4-4067-8053-3dca8838fba4'), ('QT_ACCESSIBILITY', '1'), ('GDMSESSION', 'ubuntu'), ('LESSCLOSE', '/usr/bin/lesspipe %s %s'), ('GJS_DEBUG_OUTPUT', 'stderr'), ('QT_IM_MODULE', 'ibus'), ('PWD', '/home/adi/RosProjects/build/my_robot_bringup'), ('LC_ALL', 'en_US.UTF-8'), ('XDG_CONFIG_DIRS', '/etc/xdg/xdg-ubuntu:/etc/xdg'), ('XDG_DATA_DIRS', '/usr/share/ubuntu:/usr/local/share/:/usr/share/:/var/lib/snapd/desktop'), ('PYTHONPATH', '/home/adi/RosProjects/install/my_py_pkg/lib/python3.10/site-packages:/home/adi/RosProjects/install/my_robot_interfaces/local/lib/python3.10/dist-packages:/home/adi/install/my_py_pkg/lib/python3.10/site-packages:/home/adi/install/my_robot_interfaces/local/lib/python3.10/dist-packages:/opt/ros/humble/lib/python3.10/site-packages:/opt/ros/humble/local/lib/python3.10/dist-packages'), ('COLCON', '1'), ('VTE_VERSION', '6800'), ('CMAKE_PREFIX_PATH', '/home/adi/RosProjects/install/my_robot_interfaces:/home/adi/RosProjects/install/my_robot_bringup:/home/adi/install/my_robot_bringup:/home/adi/install/my_robot_interfaces:/home/adi/install/my_cpp_pkg:/home/adi/RosProjects/install/my_py_pkg:/home/adi/install/my_py_pkg:/opt/ros/humble')]), 'shell': False}
[8.800640] (-) TimerEvent: {}
[8.804945] (my_robot_bringup) StdoutLine: {'line': b'-- The C compiler identification is GNU 11.4.0\n'}
[8.861751] (my_robot_bringup) StdoutLine: {'line': b'-- The CXX compiler identification is GNU 11.4.0\n'}
[8.867725] (my_robot_bringup) StdoutLine: {'line': b'-- Detecting C compiler ABI info\n'}
[8.901591] (-) TimerEvent: {}
[8.928378] (my_robot_bringup) StdoutLine: {'line': b'-- Detecting C compiler ABI info - done\n'}
[8.933121] (my_robot_bringup) StdoutLine: {'line': b'-- Check for working C compiler: /usr/bin/cc - skipped\n'}
[8.933569] (my_robot_bringup) StdoutLine: {'line': b'-- Detecting C compile features\n'}
[8.933750] (my_robot_bringup) StdoutLine: {'line': b'-- Detecting C compile features - done\n'}
[8.937457] (my_robot_bringup) StdoutLine: {'line': b'-- Detecting CXX compiler ABI info\n'}
[9.001754] (-) TimerEvent: {}
[9.003292] (my_robot_bringup) StdoutLine: {'line': b'-- Detecting CXX compiler ABI info - done\n'}
[9.009401] (my_robot_bringup) StdoutLine: {'line': b'-- Check for working CXX compiler: /usr/bin/c++ - skipped\n'}
[9.009642] (my_robot_bringup) StdoutLine: {'line': b'-- Detecting CXX compile features\n'}
[9.010044] (my_robot_bringup) StdoutLine: {'line': b'-- Detecting CXX compile features - done\n'}
[9.012241] (my_robot_bringup) StdoutLine: {'line': b'-- Found ament_cmake: 1.3.11 (/opt/ros/humble/share/ament_cmake/cmake)\n'}
[9.102374] (-) TimerEvent: {}
[9.155219] (my_robot_bringup) StdoutLine: {'line': b'-- Found Python3: /usr/bin/python3 (found version "3.10.12") found components: Interpreter \n'}
[9.203517] (-) TimerEvent: {}
[9.287265] (my_robot_bringup) StdoutLine: {'line': b'-- Configuring done\n'}
[9.290310] (my_robot_bringup) StdoutLine: {'line': b'-- Generating done\n'}
[9.290971] (my_robot_bringup) StdoutLine: {'line': b'-- Build files have been written to: /home/adi/RosProjects/build/my_robot_bringup\n'}
[9.296004] (my_robot_bringup) CommandEnded: {'returncode': 0}
[9.296301] (my_robot_bringup) JobProgress: {'identifier': 'my_robot_bringup', 'progress': 'build'}
[9.296324] (my_robot_bringup) Command: {'cmd': ['/usr/bin/cmake', '--build', '/home/adi/RosProjects/build/my_robot_bringup', '--', '-j4', '-l4'], 'cwd': '/home/adi/RosProjects/build/my_robot_bringup', 'env': OrderedDict([('GJS_DEBUG_TOPICS', 'JS ERROR;JS LOG'), ('LESSOPEN', '| /usr/bin/lesspipe %s'), ('LANGUAGE', 'en_IN:en'), ('USER', 'adi'), ('XDG_SESSION_TYPE', 'wayland'), ('SHLVL', '1'), ('LD_LIBRARY_PATH', '/home/adi/RosProjects/install/my_robot_interfaces/lib:/home/adi/install/my_robot_interfaces/lib:/opt/ros/humble/opt/rviz_ogre_vendor/lib:/opt/ros/humble/lib/x86_64-linux-gnu:/opt/ros/humble/lib'), ('HOME', '/home/adi'), ('OLDPWD', '/home/adi/RosProjects/install'), ('DESKTOP_SESSION', 'ubuntu'), ('GIO_LAUNCHED_DESKTOP_FILE', '/usr/share/applications/terminator.desktop'), ('ROS_PYTHON_VERSION', '3'), ('GNOME_SHELL_SESSION_MODE', 'ubuntu'), ('GTK_MODULES', 'gail:atk-bridge'), ('MANAGERPID', '1128'), ('SYSTEMD_EXEC_PID', '1351'), ('DBUS_SESSION_BUS_ADDRESS', 'unix:path=/run/user/1000/bus'), ('COLORTERM', 'truecolor'), ('TERMINATOR_DBUS_NAME', 'net.tenshu.Terminator25ef4b219e3b005583550f2b0f9f990c3'), ('GIO_LAUNCHED_DESKTOP_FILE_PID', '102524'), ('IM_CONFIG_PHASE', '1'), ('WAYLAND_DISPLAY', 'wayland-0'), ('COLCON_PREFIX_PATH', '/home/adi/RosProjects/install:/home/adi/install'), ('ROS_DISTRO', 'humble'), ('LOGNAME', 'adi'), ('JOURNAL_STREAM', '8:9022'), ('_', '/usr/bin/colcon'), ('ROS_VERSION', '2'), ('XDG_SESSION_CLASS', 'user'), ('USERNAME', 'adi'), ('TERM', 'xterm-256color'), ('GNOME_DESKTOP_SESSION_ID', 'this-is-deprecated'), ('ROS_LOCALHOST_ONLY', '0'), ('PATH', '/opt/ros/humble/bin:/usr/local/sbin:/usr/local/bin:/usr/sbin:/usr/bin:/sbin:/bin:/usr/games:/usr/local/games:/snap/bin:/snap/bin'), ('SESSION_MANAGER', 'local/adi-VirtualBox:@/tmp/.ICE-unix/1306,unix/adi-VirtualBox:/tmp/.ICE-unix/1306'), ('INVOCATION_ID', '4d7f6b53d281407b850482dac7e3595f'), ('XDG_MENU_PREFIX', 'gnome-'), ('GNOME_SETUP_DISPLAY', ':1'), ('XDG_RUNTIME_DIR', '/run/user/1000'), ('DISPLAY', ':0'), ('TERMINATOR_DBUS_PATH', '/net/tenshu/Terminator2'), ('LANG', 'en_US.UTF-8'), ('XDG_CURRENT_DESKTOP', 'ubuntu:GNOME'), ('IBUS_DISABLE_SNOOPER', '1'), ('XMODIFIERS', '@im=ibus'), ('XDG_SESSION_DESKTOP', 'ubuntu'), ('XAUTHORITY', '/run/user/1000/.mutter-Xwaylandauth.CGBEE3'), ('LS_COLORS', 'rs=0:di=01;34:ln=01;36:mh=00:pi=40;33:so=01;35:do=01;35:bd=40;33;01:cd=40;33;01:or=40;31;01:mi=00:su=37;41:sg=30;43:ca=30;41:tw=30;42:ow=34;42:st=37;44:ex=01;32:*.tar=01;31:*.tgz=01;31:*.arc=01;31:*.arj=01;31:*.taz=01;31:*.lha=01;31:*.lz4=01;31:*.lzh=01;31:*.lzma=01;31:*.tlz=01;31:*.txz=01;31:*.tzo=01;31:*.t7z=01;31:*.zip=01;31:*.z=01;31:*.dz=01;31:*.gz=01;31:*.lrz=01;31:*.lz=01;31:*.lzo=01;31:*.xz=01;31:*.zst=01;31:*.tzst=01;31:*.bz2=01;31:*.bz=01;31:*.tbz=01;31:*.tbz2=01;31:*.tz=01;31:*.deb=01;31:*.rpm=01;31:*.jar=01;31:*.war=01;31:*.ear=01;31:*.sar=01;31:*.rar=01;31:*.alz=01;31:*.ace=01;31:*.zoo=01;31:*.cpio=01;31:*.7z=01;31:*.rz=01;31:*.cab=01;31:*.wim=01;31:*.swm=01;31:*.dwm=01;31:*.esd=01;31:*.jpg=01;35:*.jpeg=01;35:*.mjpg=01;35:*.mjpeg=01;35:*.gif=01;35:*.bmp=01;35:*.pbm=01;35:*.pgm=01;35:*.ppm=01;35:*.tga=01;35:*.xbm=01;35:*.xpm=01;35:*.tif=01;35:*.tiff=01;35:*.png=01;35:*.svg=01;35:*.svgz=01;35:*.mng=01;35:*.pcx=01;35:*.mov=01;35:*.mpg=01;35:*.mpeg=01;35:*.m2v=01;35:*.mkv=01;35:*.webm=01;35:*.webp=01;35:*.ogm=01;35:*.mp4=01;35:*.m4v=01;35:*.mp4v=01;35:*.vob=01;35:*.qt=01;35:*.nuv=01;35:*.wmv=01;35:*.asf=01;35:*.rm=01;35:*.rmvb=01;35:*.flc=01;35:*.avi=01;35:*.fli=01;35:*.flv=01;35:*.gl=01;35:*.dl=01;35:*.xcf=01;35:*.xwd=01;35:*.yuv=01;35:*.cgm=01;35:*.emf=01;35:*.ogv=01;35:*.ogx=01;35:*.aac=00;36:*.au=00;36:*.flac=00;36:*.m4a=00;36:*.mid=00;36:*.midi=00;36:*.mka=00;36:*.mp3=00;36:*.mpc=00;36:*.ogg=00;36:*.ra=00;36:*.wav=00;36:*.oga=00;36:*.opus=00;36:*.spx=00;36:*.xspf=00;36:'), ('SSH_AGENT_LAUNCHER', 'gnome-keyring'), ('SSH_AUTH_SOCK', '/run/user/1000/keyring/ssh'), ('AMENT_PREFIX_PATH', '/home/adi/RosProjects/install/my_py_pkg:/home/adi/RosProjects/install/my_robot_bringup:/home/adi/RosProjects/install/my_robot_interfaces:/home/adi/install/my_robot_bringup:/home/adi/install/my_py_pkg:/home/adi/install/my_robot_interfaces:/home/adi/install/my_cpp_pkg:/opt/ros/humble'), ('SHELL', '/bin/bash'), ('TERMINATOR_UUID', 'urn:uuid:094c90a5-13d4-4067-8053-3dca8838fba4'), ('QT_ACCESSIBILITY', '1'), ('GDMSESSION', 'ubuntu'), ('LESSCLOSE', '/usr/bin/lesspipe %s %s'), ('GJS_DEBUG_OUTPUT', 'stderr'), ('QT_IM_MODULE', 'ibus'), ('PWD', '/home/adi/RosProjects/build/my_robot_bringup'), ('LC_ALL', 'en_US.UTF-8'), ('XDG_CONFIG_DIRS', '/etc/xdg/xdg-ubuntu:/etc/xdg'), ('XDG_DATA_DIRS', '/usr/share/ubuntu:/usr/local/share/:/usr/share/:/var/lib/snapd/desktop'), ('PYTHONPATH', '/home/adi/RosProjects/install/my_py_pkg/lib/python3.10/site-packages:/home/adi/RosProjects/install/my_robot_interfaces/local/lib/python3.10/dist-packages:/home/adi/install/my_py_pkg/lib/python3.10/site-packages:/home/adi/install/my_robot_interfaces/local/lib/python3.10/dist-packages:/opt/ros/humble/lib/python3.10/site-packages:/opt/ros/humble/local/lib/python3.10/dist-packages'), ('COLCON', '1'), ('VTE_VERSION', '6800'), ('CMAKE_PREFIX_PATH', '/home/adi/RosProjects/install/my_robot_interfaces:/home/adi/RosProjects/install/my_robot_bringup:/home/adi/install/my_robot_bringup:/home/adi/install/my_robot_interfaces:/home/adi/install/my_cpp_pkg:/home/adi/RosProjects/install/my_py_pkg:/home/adi/install/my_py_pkg:/opt/ros/humble')]), 'shell': False}
[9.303602] (-) TimerEvent: {}
[9.329192] (my_robot_bringup) CommandEnded: {'returncode': 0}
[9.329544] (my_robot_bringup) JobProgress: {'identifier': 'my_robot_bringup', 'progress': 'install'}
[9.329566] (my_robot_bringup) Command: {'cmd': ['/usr/bin/cmake', '--install', '/home/adi/RosProjects/build/my_robot_bringup'], 'cwd': '/home/adi/RosProjects/build/my_robot_bringup', 'env': OrderedDict([('GJS_DEBUG_TOPICS', 'JS ERROR;JS LOG'), ('LESSOPEN', '| /usr/bin/lesspipe %s'), ('LANGUAGE', 'en_IN:en'), ('USER', 'adi'), ('XDG_SESSION_TYPE', 'wayland'), ('SHLVL', '1'), ('LD_LIBRARY_PATH', '/home/adi/RosProjects/install/my_robot_interfaces/lib:/home/adi/install/my_robot_interfaces/lib:/opt/ros/humble/opt/rviz_ogre_vendor/lib:/opt/ros/humble/lib/x86_64-linux-gnu:/opt/ros/humble/lib'), ('HOME', '/home/adi'), ('OLDPWD', '/home/adi/RosProjects/install'), ('DESKTOP_SESSION', 'ubuntu'), ('GIO_LAUNCHED_DESKTOP_FILE', '/usr/share/applications/terminator.desktop'), ('ROS_PYTHON_VERSION', '3'), ('GNOME_SHELL_SESSION_MODE', 'ubuntu'), ('GTK_MODULES', 'gail:atk-bridge'), ('MANAGERPID', '1128'), ('SYSTEMD_EXEC_PID', '1351'), ('DBUS_SESSION_BUS_ADDRESS', 'unix:path=/run/user/1000/bus'), ('COLORTERM', 'truecolor'), ('TERMINATOR_DBUS_NAME', 'net.tenshu.Terminator25ef4b219e3b005583550f2b0f9f990c3'), ('GIO_LAUNCHED_DESKTOP_FILE_PID', '102524'), ('IM_CONFIG_PHASE', '1'), ('WAYLAND_DISPLAY', 'wayland-0'), ('COLCON_PREFIX_PATH', '/home/adi/RosProjects/install:/home/adi/install'), ('ROS_DISTRO', 'humble'), ('LOGNAME', 'adi'), ('JOURNAL_STREAM', '8:9022'), ('_', '/usr/bin/colcon'), ('ROS_VERSION', '2'), ('XDG_SESSION_CLASS', 'user'), ('USERNAME', 'adi'), ('TERM', 'xterm-256color'), ('GNOME_DESKTOP_SESSION_ID', 'this-is-deprecated'), ('ROS_LOCALHOST_ONLY', '0'), ('PATH', '/opt/ros/humble/bin:/usr/local/sbin:/usr/local/bin:/usr/sbin:/usr/bin:/sbin:/bin:/usr/games:/usr/local/games:/snap/bin:/snap/bin'), ('SESSION_MANAGER', 'local/adi-VirtualBox:@/tmp/.ICE-unix/1306,unix/adi-VirtualBox:/tmp/.ICE-unix/1306'), ('INVOCATION_ID', '4d7f6b53d281407b850482dac7e3595f'), ('XDG_MENU_PREFIX', 'gnome-'), ('GNOME_SETUP_DISPLAY', ':1'), ('XDG_RUNTIME_DIR', '/run/user/1000'), ('DISPLAY', ':0'), ('TERMINATOR_DBUS_PATH', '/net/tenshu/Terminator2'), ('LANG', 'en_US.UTF-8'), ('XDG_CURRENT_DESKTOP', 'ubuntu:GNOME'), ('IBUS_DISABLE_SNOOPER', '1'), ('XMODIFIERS', '@im=ibus'), ('XDG_SESSION_DESKTOP', 'ubuntu'), ('XAUTHORITY', '/run/user/1000/.mutter-Xwaylandauth.CGBEE3'), ('LS_COLORS', 'rs=0:di=01;34:ln=01;36:mh=00:pi=40;33:so=01;35:do=01;35:bd=40;33;01:cd=40;33;01:or=40;31;01:mi=00:su=37;41:sg=30;43:ca=30;41:tw=30;42:ow=34;42:st=37;44:ex=01;32:*.tar=01;31:*.tgz=01;31:*.arc=01;31:*.arj=01;31:*.taz=01;31:*.lha=01;31:*.lz4=01;31:*.lzh=01;31:*.lzma=01;31:*.tlz=01;31:*.txz=01;31:*.tzo=01;31:*.t7z=01;31:*.zip=01;31:*.z=01;31:*.dz=01;31:*.gz=01;31:*.lrz=01;31:*.lz=01;31:*.lzo=01;31:*.xz=01;31:*.zst=01;31:*.tzst=01;31:*.bz2=01;31:*.bz=01;31:*.tbz=01;31:*.tbz2=01;31:*.tz=01;31:*.deb=01;31:*.rpm=01;31:*.jar=01;31:*.war=01;31:*.ear=01;31:*.sar=01;31:*.rar=01;31:*.alz=01;31:*.ace=01;31:*.zoo=01;31:*.cpio=01;31:*.7z=01;31:*.rz=01;31:*.cab=01;31:*.wim=01;31:*.swm=01;31:*.dwm=01;31:*.esd=01;31:*.jpg=01;35:*.jpeg=01;35:*.mjpg=01;35:*.mjpeg=01;35:*.gif=01;35:*.bmp=01;35:*.pbm=01;35:*.pgm=01;35:*.ppm=01;35:*.tga=01;35:*.xbm=01;35:*.xpm=01;35:*.tif=01;35:*.tiff=01;35:*.png=01;35:*.svg=01;35:*.svgz=01;35:*.mng=01;35:*.pcx=01;35:*.mov=01;35:*.mpg=01;35:*.mpeg=01;35:*.m2v=01;35:*.mkv=01;35:*.webm=01;35:*.webp=01;35:*.ogm=01;35:*.mp4=01;35:*.m4v=01;35:*.mp4v=01;35:*.vob=01;35:*.qt=01;35:*.nuv=01;35:*.wmv=01;35:*.asf=01;35:*.rm=01;35:*.rmvb=01;35:*.flc=01;35:*.avi=01;35:*.fli=01;35:*.flv=01;35:*.gl=01;35:*.dl=01;35:*.xcf=01;35:*.xwd=01;35:*.yuv=01;35:*.cgm=01;35:*.emf=01;35:*.ogv=01;35:*.ogx=01;35:*.aac=00;36:*.au=00;36:*.flac=00;36:*.m4a=00;36:*.mid=00;36:*.midi=00;36:*.mka=00;36:*.mp3=00;36:*.mpc=00;36:*.ogg=00;36:*.ra=00;36:*.wav=00;36:*.oga=00;36:*.opus=00;36:*.spx=00;36:*.xspf=00;36:'), ('SSH_AGENT_LAUNCHER', 'gnome-keyring'), ('SSH_AUTH_SOCK', '/run/user/1000/keyring/ssh'), ('AMENT_PREFIX_PATH', '/home/adi/RosProjects/install/my_py_pkg:/home/adi/RosProjects/install/my_robot_bringup:/home/adi/RosProjects/install/my_robot_interfaces:/home/adi/install/my_robot_bringup:/home/adi/install/my_py_pkg:/home/adi/install/my_robot_interfaces:/home/adi/install/my_cpp_pkg:/opt/ros/humble'), ('SHELL', '/bin/bash'), ('TERMINATOR_UUID', 'urn:uuid:094c90a5-13d4-4067-8053-3dca8838fba4'), ('QT_ACCESSIBILITY', '1'), ('GDMSESSION', 'ubuntu'), ('LESSCLOSE', '/usr/bin/lesspipe %s %s'), ('GJS_DEBUG_OUTPUT', 'stderr'), ('QT_IM_MODULE', 'ibus'), ('PWD', '/home/adi/RosProjects/build/my_robot_bringup'), ('LC_ALL', 'en_US.UTF-8'), ('XDG_CONFIG_DIRS', '/etc/xdg/xdg-ubuntu:/etc/xdg'), ('XDG_DATA_DIRS', '/usr/share/ubuntu:/usr/local/share/:/usr/share/:/var/lib/snapd/desktop'), ('PYTHONPATH', '/home/adi/RosProjects/install/my_py_pkg/lib/python3.10/site-packages:/home/adi/RosProjects/install/my_robot_interfaces/local/lib/python3.10/dist-packages:/home/adi/install/my_py_pkg/lib/python3.10/site-packages:/home/adi/install/my_robot_interfaces/local/lib/python3.10/dist-packages:/opt/ros/humble/lib/python3.10/site-packages:/opt/ros/humble/local/lib/python3.10/dist-packages'), ('COLCON', '1'), ('VTE_VERSION', '6800'), ('CMAKE_PREFIX_PATH', '/home/adi/RosProjects/install/my_robot_interfaces:/home/adi/RosProjects/install/my_robot_bringup:/home/adi/install/my_robot_bringup:/home/adi/install/my_robot_interfaces:/home/adi/install/my_cpp_pkg:/home/adi/RosProjects/install/my_py_pkg:/home/adi/install/my_py_pkg:/opt/ros/humble')]), 'shell': False}
[9.337353] (my_robot_bringup) StdoutLine: {'line': b'-- Install configuration: ""\n'}
[9.337537] (my_robot_bringup) StdoutLine: {'line': b'-- Installing: /home/adi/RosProjects/install/my_robot_bringup/share/my_robot_bringup/launch\n'}
[9.337594] (my_robot_bringup) StdoutLine: {'line': b'-- Installing: /home/adi/RosProjects/install/my_robot_bringup/share/my_robot_bringup/launch/number_app.launch.py\n'}
[9.337640] (my_robot_bringup) StdoutLine: {'line': b'-- Installing: /home/adi/RosProjects/install/my_robot_bringup/share/my_robot_bringup/launch/number_app_from_python.launch.xml\n'}
[9.338709] (my_robot_bringup) StdoutLine: {'line': b'-- Installing: /home/adi/RosProjects/install/my_robot_bringup/share/my_robot_bringup/launch/number_app.launch.xml\n'}
[9.339419] (my_robot_bringup) StdoutLine: {'line': b'-- Installing: /home/adi/RosProjects/install/my_robot_bringup/share/my_robot_bringup/launch/robot_news_station.launch.xml\n'}
[9.339940] (my_robot_bringup) StdoutLine: {'line': b'-- Installing: /home/adi/RosProjects/install/my_robot_bringup/share/my_robot_bringup/config\n'}
[9.340133] (my_robot_bringup) StdoutLine: {'line': b'-- Installing: /home/adi/RosProjects/install/my_robot_bringup/share/my_robot_bringup/config/lander.yaml\n'}
[9.340453] (my_robot_bringup) StdoutLine: {'line': b'-- Installing: /home/adi/RosProjects/install/my_robot_bringup/share/my_robot_bringup/config/cp30.yaml\n'}
[9.341211] (my_robot_bringup) StdoutLine: {'line': b'-- Installing: /home/adi/RosProjects/install/my_robot_bringup/share/my_robot_bringup/config/all_stations.yaml\n'}
[9.341584] (my_robot_bringup) StdoutLine: {'line': b'-- Installing: /home/adi/RosProjects/install/my_robot_bringup/share/my_robot_bringup/config/number_app.yaml\n'}
[9.342121] (my_robot_bringup) StdoutLine: {'line': b'-- Installing: /home/adi/RosProjects/install/my_robot_bringup/share/my_robot_bringup/config/bb8.yaml\n'}
[9.342630] (my_robot_bringup) StdoutLine: {'line': b'-- Installing: /home/adi/RosProjects/install/my_robot_bringup/share/my_robot_bringup/config/daneel.yaml\n'}
[9.343090] (my_robot_bringup) StdoutLine: {'line': b'-- Installing: /home/adi/RosProjects/install/my_robot_bringup/share/my_robot_bringup/config/giskard.yaml\n'}
[9.344453] (my_robot_bringup) StdoutLine: {'line': b'-- Installing: /home/adi/RosProjects/install/my_robot_bringup/share/ament_index/resource_index/package_run_dependencies/my_robot_bringup\n'}
[9.344633] (my_robot_bringup) StdoutLine: {'line': b'-- Installing: /home/adi/RosProjects/install/my_robot_bringup/share/ament_index/resource_index/parent_prefix_path/my_robot_bringup\n'}
[9.344705] (my_robot_bringup) StdoutLine: {'line': b'-- Installing: /home/adi/RosProjects/install/my_robot_bringup/share/my_robot_bringup/environment/ament_prefix_path.sh\n'}
[9.344750] (my_robot_bringup) StdoutLine: {'line': b'-- Installing: /home/adi/RosProjects/install/my_robot_bringup/share/my_robot_bringup/environment/ament_prefix_path.dsv\n'}
[9.344793] (my_robot_bringup) StdoutLine: {'line': b'-- Installing: /home/adi/RosProjects/install/my_robot_bringup/share/my_robot_bringup/environment/path.sh\n'}
[9.344835] (my_robot_bringup) StdoutLine: {'line': b'-- Installing: /home/adi/RosProjects/install/my_robot_bringup/share/my_robot_bringup/environment/path.dsv\n'}
[9.344876] (my_robot_bringup) StdoutLine: {'line': b'-- Installing: /home/adi/RosProjects/install/my_robot_bringup/share/my_robot_bringup/local_setup.bash\n'}
[9.344917] (my_robot_bringup) StdoutLine: {'line': b'-- Installing: /home/adi/RosProjects/install/my_robot_bringup/share/my_robot_bringup/local_setup.sh\n'}
[9.344957] (my_robot_bringup) StdoutLine: {'line': b'-- Installing: /home/adi/RosProjects/install/my_robot_bringup/share/my_robot_bringup/local_setup.zsh\n'}
[9.345010] (my_robot_bringup) StdoutLine: {'line': b'-- Installing: /home/adi/RosProjects/install/my_robot_bringup/share/my_robot_bringup/local_setup.dsv\n'}
[9.345103] (my_robot_bringup) StdoutLine: {'line': b'-- Installing: /home/adi/RosProjects/install/my_robot_bringup/share/my_robot_bringup/package.dsv\n'}
[9.345155] (my_robot_bringup) StdoutLine: {'line': b'-- Installing: /home/adi/RosProjects/install/my_robot_bringup/share/ament_index/resource_index/packages/my_robot_bringup\n'}
[9.345234] (my_robot_bringup) StdoutLine: {'line': b'-- Installing: /home/adi/RosProjects/install/my_robot_bringup/share/my_robot_bringup/cmake/my_robot_bringupConfig.cmake\n'}
[9.345310] (my_robot_bringup) StdoutLine: {'line': b'-- Installing: /home/adi/RosProjects/install/my_robot_bringup/share/my_robot_bringup/cmake/my_robot_bringupConfig-version.cmake\n'}
[9.345355] (my_robot_bringup) StdoutLine: {'line': b'-- Installing: /home/adi/RosProjects/install/my_robot_bringup/share/my_robot_bringup/package.xml\n'}
[9.348746] (my_robot_bringup) CommandEnded: {'returncode': 0}
[9.358192] (my_robot_bringup) JobEnded: {'identifier': 'my_robot_bringup', 'rc': 0}
[9.359490] (-) EventReactorShutdown: {}
